-- =====================================================================
-- Тестовые данные: загрузка пользователей, постов и активностей
-- Сгенерировано автоматически из posts_meta.json и clean_activities.csv
-- =====================================================================

INSERT INTO Users (user_id, full_name, account_created) VALUES
(1, 'Жанна №1', '2024-06-13'),
(2, 'Дана №2', '2025-06-02'),
(3, 'Бакыт №3', '2025-08-24'),
(4, 'Сауле №4', '2024-04-09'),
(5, 'Айгерим №5', '2025-03-21'),
(6, 'Серик №6', '2024-11-13'),
(7, 'Алия №7', '2025-12-10'),
(8, 'Дана №8', '2024-08-12'),
(9, 'Алия №9', '2024-03-16'),
(10, 'Айгерим №10', '2024-02-16'),
(11, 'Бекзат №11', '2025-09-10'),
(12, 'Madina №12', '2024-11-25'),
(13, 'Madina №13', '2024-12-25'),
(14, 'Бакыт №14', '2025-09-11'),
(15, 'Гульнара №15', '2026-01-09'),
(16, 'Нурлан №16', '2025-10-18'),
(17, 'Серик №17', '2024-07-06'),
(18, 'Нурлан №18', '2023-12-31'),
(19, 'Madina №19', '2025-02-03'),
(20, 'Тимур №20', '2024-01-28'),
(21, 'Нурлан №21', '2025-05-08'),
(22, 'Гульнара №22', '2024-04-11'),
(23, 'Гульнара №23', '2024-02-18'),
(24, 'Тимур №24', '2024-12-26'),
(25, 'Нурлан №25', '2024-01-01'),
(26, 'Асан №26', '2025-07-31'),
(27, 'Бекзат №27', '2025-05-19'),
(28, 'Дана №28', '2023-11-25'),
(29, 'Айгерим №29', '2025-08-10'),
(30, 'Madina №30', '2026-02-25'),
(31, 'Бекзат №31', '2026-01-05'),
(32, 'Бекзат №32', '2024-10-15'),
(33, 'Бакыт №33', '2026-02-06'),
(34, 'Гульнара №34', '2024-12-23'),
(35, 'Madina №35', '2025-11-08'),
(36, 'Алия №36', '2026-02-27'),
(37, 'Нурлан №37', '2024-01-10'),
(38, 'Алия №38', '2025-08-12'),
(39, 'Сауле №39', '2025-08-07'),
(40, 'Дана №40', '2026-02-22'),
(41, 'Нурлан №41', '2025-10-17'),
(42, 'Серик №42', '2026-02-13'),
(43, 'Серик №43', '2025-12-06'),
(44, 'Алия №44', '2024-10-10'),
(45, 'Серик №45', '2025-08-12'),
(46, 'Бекзат №46', '2025-12-22'),
(47, 'Бекзат №47', '2025-08-18'),
(48, 'Ержан №48', '2024-01-09'),
(49, 'Нурлан №49', '2024-03-15'),
(50, 'Алия №50', '2025-10-05'),
(51, 'Бакыт №51', '2024-06-17'),
(52, 'Madina №52', '2026-01-19'),
(53, 'Айгерим №53', '2025-05-30'),
(54, 'Серик №54', '2024-04-02'),
(55, 'Алия №55', '2025-10-01'),
(56, 'Madina №56', '2025-06-01'),
(57, 'Madina №57', '2024-07-21'),
(58, 'Айгерим №58', '2025-10-29'),
(59, 'Сауле №59', '2024-03-10'),
(60, 'Бекзат №60', '2025-07-03'),
(61, 'Бакыт №61', '2024-06-15'),
(62, 'Серик №62', '2026-01-17'),
(63, 'Madina №63', '2025-02-21'),
(64, 'Сауле №64', '2024-04-11'),
(65, 'Серик №65', '2024-07-06'),
(66, 'Алия №66', '2023-12-30'),
(67, 'Madina №67', '2025-12-04'),
(68, 'Сауле №68', '2025-03-12'),
(69, 'Нурлан №69', '2024-07-12'),
(70, 'Дана №70', '2024-11-25'),
(71, 'Гульнара №71', '2025-01-15'),
(72, 'Гульнара №72', '2024-07-22'),
(73, 'Madina №73', '2026-02-12'),
(74, 'Бекзат №74', '2023-12-05'),
(75, 'Алия №75', '2025-03-31'),
(76, 'Айгерим №76', '2024-12-14'),
(77, 'Нурлан №77', '2025-07-27'),
(78, 'Гульнара №78', '2024-12-03'),
(79, 'Асан №79', '2025-04-04'),
(80, 'Сауле №80', '2025-12-02'),
(81, 'Асан №81', '2024-05-27'),
(82, 'Асан №82', '2025-11-17'),
(83, 'Серик №83', '2023-12-21'),
(84, 'Айгерим №84', '2026-02-04'),
(85, 'Бекзат №85', '2023-12-24'),
(86, 'Серик №86', '2023-11-27'),
(87, 'Бекзат №87', '2024-10-09'),
(88, 'Дана №88', '2024-03-06'),
(89, 'Тимур №89', '2025-06-21'),
(90, 'Алия №90', '2024-02-06'),
(91, 'Нурлан №91', '2024-12-22'),
(92, 'Ержан №92', '2025-07-09'),
(93, 'Нурлан №93', '2024-01-14'),
(94, 'Бекзат №94', '2024-09-26'),
(95, 'Дана №95', '2024-08-06'),
(96, 'Дана №96', '2025-10-11'),
(97, 'Ержан №97', '2025-05-09'),
(98, 'Бакыт №98', '2024-03-23'),
(99, 'Сауле №99', '2025-06-10'),
(100, 'Айгерим №100', '2026-01-10'),
(101, 'Тимур №101', '2025-09-07'),
(102, 'Асан №102', '2025-09-15'),
(103, 'Нурлан №103', '2024-06-19'),
(104, 'Бакыт №104', '2026-02-18'),
(105, 'Айгерим №105', '2025-12-30'),
(106, 'Жанна №106', '2025-08-01'),
(107, 'Тимур №107', '2025-01-28'),
(108, 'Асан №108', '2024-06-14'),
(109, 'Айгерим №109', '2023-12-06'),
(110, 'Дана №110', '2025-05-15'),
(111, 'Бакыт №111', '2024-10-26'),
(112, 'Серик №112', '2025-05-22'),
(113, 'Бакыт №113', '2025-12-04'),
(114, 'Madina №114', '2024-08-10'),
(115, 'Асан №115', '2024-03-20'),
(116, 'Нурлан №116', '2025-12-25'),
(117, 'Бекзат №117', '2024-11-25'),
(118, 'Бакыт №118', '2024-03-12'),
(119, 'Серик №119', '2024-01-10'),
(120, 'Тимур №120', '2025-02-03');

SELECT setval('users_user_id_seq', (SELECT MAX(user_id) FROM Users));

INSERT INTO Posts (post_id, author_id, post_text, published_at) VALUES
(1, 74, 'Пост №1 мазмұны', '2026-05-11 00:00:00'),
(2, 81, 'Пост №2 мазмұны', '2026-05-15 00:00:00'),
(3, 105, 'Пост №3 мазмұны', '2026-05-18 00:00:00'),
(4, 62, 'Пост №4 мазмұны', '2026-06-11 00:00:00'),
(5, 113, 'Пост №5 мазмұны', '2026-06-04 00:00:00'),
(6, 117, 'Пост №6 мазмұны', '2026-06-03 00:00:00'),
(7, 24, 'Пост №7 мазмұны', '2026-06-11 00:00:00'),
(8, 116, 'Пост №8 мазмұны', '2026-06-09 00:00:00'),
(9, 65, 'Пост №9 мазмұны', '2026-05-21 00:00:00'),
(10, 88, 'Пост №10 мазмұны', '2026-06-03 00:00:00'),
(11, 62, 'Пост №11 мазмұны', '2026-05-29 00:00:00'),
(12, 37, 'Пост №12 мазмұны', '2026-06-13 00:00:00'),
(13, 82, 'Пост №13 мазмұны', '2026-05-05 00:00:00'),
(14, 39, 'Пост №14 мазмұны', '2026-05-27 00:00:00'),
(15, 40, 'Пост №15 мазмұны', '2026-06-03 00:00:00'),
(16, 64, 'Пост №16 мазмұны', '2026-05-04 00:00:00'),
(17, 96, 'Пост №17 мазмұны', '2026-06-08 00:00:00'),
(18, 111, 'Пост №18 мазмұны', '2026-06-17 00:00:00'),
(19, 87, 'Пост №19 мазмұны', '2026-05-28 00:00:00'),
(20, 105, 'Пост №20 мазмұны', '2026-05-18 00:00:00'),
(21, 119, 'Пост №21 мазмұны', '2026-05-21 00:00:00'),
(22, 72, 'Пост №22 мазмұны', '2026-06-18 00:00:00'),
(23, 88, 'Пост №23 мазмұны', '2026-05-16 00:00:00'),
(24, 16, 'Пост №24 мазмұны', '2026-05-04 00:00:00'),
(25, 41, 'Пост №25 мазмұны', '2026-05-19 00:00:00'),
(26, 28, 'Пост №26 мазмұны', '2026-05-05 00:00:00'),
(27, 96, 'Пост №27 мазмұны', '2026-05-24 00:00:00'),
(28, 16, 'Пост №28 мазмұны', '2026-06-11 00:00:00'),
(29, 42, 'Пост №29 мазмұны', '2026-06-19 00:00:00'),
(30, 32, 'Пост №30 мазмұны', '2026-06-02 00:00:00'),
(31, 35, 'Пост №31 мазмұны', '2026-05-21 00:00:00'),
(32, 1, 'Пост №32 мазмұны', '2026-05-23 00:00:00'),
(33, 68, 'Пост №33 мазмұны', '2026-06-12 00:00:00'),
(34, 39, 'Пост №34 мазмұны', '2026-06-05 00:00:00'),
(35, 51, 'Пост №35 мазмұны', '2026-05-25 00:00:00'),
(36, 24, 'Пост №36 мазмұны', '2026-06-13 00:00:00'),
(37, 15, 'Пост №37 мазмұны', '2026-05-03 00:00:00'),
(38, 47, 'Пост №38 мазмұны', '2026-06-10 00:00:00'),
(39, 96, 'Пост №39 мазмұны', '2026-06-13 00:00:00'),
(40, 72, 'Пост №40 мазмұны', '2026-05-08 00:00:00'),
(41, 9, 'Пост №41 мазмұны', '2026-05-10 00:00:00'),
(42, 12, 'Пост №42 мазмұны', '2026-05-08 00:00:00'),
(43, 104, 'Пост №43 мазмұны', '2026-05-21 00:00:00'),
(44, 1, 'Пост №44 мазмұны', '2026-05-04 00:00:00'),
(45, 53, 'Пост №45 мазмұны', '2026-05-18 00:00:00'),
(46, 45, 'Пост №46 мазмұны', '2026-05-13 00:00:00'),
(47, 111, 'Пост №47 мазмұны', '2026-05-13 00:00:00'),
(48, 87, 'Пост №48 мазмұны', '2026-06-11 00:00:00'),
(49, 50, 'Пост №49 мазмұны', '2026-05-30 00:00:00'),
(50, 77, 'Пост №50 мазмұны', '2026-05-31 00:00:00'),
(51, 102, 'Пост №51 мазмұны', '2026-05-23 00:00:00'),
(52, 76, 'Пост №52 мазмұны', '2026-06-04 00:00:00'),
(53, 59, 'Пост №53 мазмұны', '2026-06-20 00:00:00'),
(54, 111, 'Пост №54 мазмұны', '2026-05-20 00:00:00'),
(55, 63, 'Пост №55 мазмұны', '2026-05-05 00:00:00'),
(56, 2, 'Пост №56 мазмұны', '2026-05-31 00:00:00'),
(57, 49, 'Пост №57 мазмұны', '2026-05-25 00:00:00'),
(58, 98, 'Пост №58 мазмұны', '2026-06-19 00:00:00'),
(59, 47, 'Пост №59 мазмұны', '2026-05-08 00:00:00'),
(60, 86, 'Пост №60 мазмұны', '2026-05-16 00:00:00'),
(61, 2, 'Пост №61 мазмұны', '2026-06-04 00:00:00'),
(62, 82, 'Пост №62 мазмұны', '2026-05-29 00:00:00'),
(63, 93, 'Пост №63 мазмұны', '2026-05-21 00:00:00'),
(64, 112, 'Пост №64 мазмұны', '2026-06-14 00:00:00'),
(65, 111, 'Пост №65 мазмұны', '2026-05-11 00:00:00'),
(66, 117, 'Пост №66 мазмұны', '2026-06-01 00:00:00'),
(67, 94, 'Пост №67 мазмұны', '2026-06-09 00:00:00'),
(68, 62, 'Пост №68 мазмұны', '2026-05-03 00:00:00'),
(69, 89, 'Пост №69 мазмұны', '2026-05-06 00:00:00'),
(70, 114, 'Пост №70 мазмұны', '2026-06-08 00:00:00'),
(71, 120, 'Пост №71 мазмұны', '2026-06-16 00:00:00'),
(72, 37, 'Пост №72 мазмұны', '2026-05-30 00:00:00'),
(73, 36, 'Пост №73 мазмұны', '2026-05-28 00:00:00'),
(74, 65, 'Пост №74 мазмұны', '2026-05-27 00:00:00'),
(75, 34, 'Пост №75 мазмұны', '2026-05-31 00:00:00'),
(76, 113, 'Пост №76 мазмұны', '2026-06-09 00:00:00'),
(77, 97, 'Пост №77 мазмұны', '2026-05-31 00:00:00'),
(78, 50, 'Пост №78 мазмұны', '2026-05-02 00:00:00'),
(79, 98, 'Пост №79 мазмұны', '2026-05-26 00:00:00'),
(80, 41, 'Пост №80 мазмұны', '2026-05-21 00:00:00');

SELECT setval('posts_post_id_seq', (SELECT MAX(post_id) FROM Posts));

-- Загрузка 3000 записей активности (батчами по 500 строк)
INSERT INTO Activities (user_id, action_type, post_id, comment_text, activity_timestamp) VALUES
(20, 'view', 8, NULL, '2026-05-01 00:59:27'),
(41, 'view', 57, NULL, '2026-05-01 04:22:46'),
(13, 'comment', 7, 'Қызық жазылған', '2026-05-01 06:04:45'),
(74, 'view', 67, NULL, '2026-05-01 06:18:32'),
(80, 'view', 21, NULL, '2026-05-01 06:52:06'),
(17, 'view', 0, NULL, '2026-05-01 07:00:46'),
(51, 'comment', 55, 'осы дұрыс емес сияқты', '2026-05-01 07:16:30'),
(60, 'view', 68, NULL, '2026-05-01 07:31:56'),
(73, 'like', 60, NULL, '2026-05-01 08:10:37'),
(92, 'like', 13, NULL, '2026-05-01 08:25:12'),
(106, 'comment', 38, 'wow...керемет екен', '2026-05-01 08:28:40'),
(24, 'comment', 53, 'Қызық жазылған', '2026-05-01 08:32:06'),
(89, 'view', 56, NULL, '2026-05-01 08:45:59'),
(32, 'like', 4, NULL, '2026-05-01 10:10:44'),
(1, 'comment', 34, 'Тамаша пост!!! 😍😍😍', '2026-05-01 11:03:03'),
(73, 'view', 41, NULL, '2026-05-01 11:26:18'),
(91, 'like', 17, NULL, '2026-05-01 11:54:50'),
(45, 'view', 17, NULL, '2026-05-01 11:57:42'),
(104, 'view', 43, NULL, '2026-05-01 12:35:05'),
(4, 'like', 24, NULL, '2026-05-01 12:35:29'),
(71, 'view', 64, NULL, '2026-05-01 12:41:52'),
(80, 'like', 28, NULL, '2026-05-01 12:42:24'),
(6, 'view', 42, NULL, '2026-05-01 14:20:52'),
(43, 'comment', 31, 'Рахмет, пайдалы ақпарат)))', '2026-05-01 14:22:07'),
(98, 'comment', 15, 'осы дұрыс емес сияқты', '2026-05-01 14:34:05'),
(118, 'comment', 36, 'осы дұрыс емес сияқты', '2026-05-01 14:34:20'),
(51, 'like', 43, NULL, '2026-05-01 14:43:12'),
(94, 'like', 11, NULL, '2026-05-01 15:08:20'),
(79, 'share', 34, NULL, '2026-05-01 15:13:57'),
(101, 'comment', 59, 'осы дұрыс емес сияқты', '2026-05-01 15:31:32'),
(31, 'like', 4, NULL, '2026-05-01 15:49:26'),
(70, 'like', 6, NULL, '2026-05-01 16:02:31'),
(48, 'like', 55, NULL, '2026-05-01 16:06:35'),
(83, 'view', 51, NULL, '2026-05-01 16:06:57'),
(67, 'like', 55, NULL, '2026-05-01 16:28:08'),
(56, 'comment', 10, 'wow...керемет екен', '2026-05-01 16:28:16'),
(32, 'like', 55, NULL, '2026-05-01 16:36:15'),
(57, 'share', 60, NULL, '2026-05-01 17:22:04'),
(71, 'share', 4, NULL, '2026-05-01 17:55:20'),
(89, 'like', 9, NULL, '2026-05-01 17:59:43'),
(2, 'view', 43, NULL, '2026-05-01 18:02:29'),
(32, 'view', 8, NULL, '2026-05-01 18:11:01'),
(44, 'like', 57, NULL, '2026-05-01 18:48:58'),
(15, 'like', 48, NULL, '2026-05-01 19:09:13'),
(6, 'like', 43, NULL, '2026-05-01 19:10:37'),
(117, 'view', 78, NULL, '2026-05-01 19:35:41'),
(62, 'view', 60, NULL, '2026-05-01 19:37:35'),
(18, 'comment', 47, 'wow...керемет екен', '2026-05-01 19:45:35'),
(54, 'comment', 43, 'Тамаша пост!!! 😍😍😍', '2026-05-01 20:16:58'),
(10, 'like', 17, NULL, '2026-05-01 20:19:55'),
(4, 'like', 9, NULL, '2026-05-01 20:24:00'),
(116, 'share', 28, NULL, '2026-05-01 20:35:12'),
(119, 'like', 19, NULL, '2026-05-01 20:36:58'),
(37, 'like', 14, NULL, '2026-05-01 20:59:16'),
(6, 'share', 45, NULL, '2026-05-01 22:31:54'),
(83, 'view', 66, NULL, '2026-05-01 23:02:16'),
(22, 'share', 74, NULL, '2026-05-01 23:04:58'),
(9, 'like', 67, NULL, '2026-05-02 00:00:56'),
(104, 'view', 48, NULL, '2026-05-02 00:33:27'),
(66, 'view', 77, NULL, '2026-05-02 01:24:19'),
(16, 'like', 33, NULL, '2026-05-02 03:32:05'),
(44, 'view', 2, NULL, '2026-05-02 05:00:47'),
(45, 'comment', 20, 'осы дұрыс емес сияқты', '2026-05-02 07:04:29'),
(47, 'like', 73, NULL, '2026-05-02 07:33:59'),
(66, 'like', 0, NULL, '2026-05-02 08:28:16'),
(94, 'like', 7, NULL, '2026-05-02 08:33:32'),
(47, 'like', 33, NULL, '2026-05-02 10:29:42'),
(41, 'like', 73, NULL, '2026-05-02 10:30:10'),
(97, 'comment', 0, 'осы дұрыс емес сияқты', '2026-05-02 10:41:23'),
(29, 'comment', 15, 'Рахмет, пайдалы ақпарат)))', '2026-05-02 11:31:34'),
(69, 'like', 5, NULL, '2026-05-02 12:23:29'),
(80, 'comment', 60, 'Қызық жазылған', '2026-05-02 12:25:16'),
(118, 'like', 2, NULL, '2026-05-02 12:31:53'),
(76, 'like', 47, NULL, '2026-05-02 12:35:52'),
(16, 'like', 47, NULL, '2026-05-02 12:54:39'),
(38, 'view', 41, NULL, '2026-05-02 12:59:45'),
(74, 'like', 32, NULL, '2026-05-02 13:23:23'),
(118, 'like', 25, NULL, '2026-05-02 13:23:45'),
(95, 'view', 46, NULL, '2026-05-02 13:48:46'),
(102, 'view', 37, NULL, '2026-05-02 14:30:10'),
(20, 'comment', 51, 'Рахмет, пайдалы ақпарат)))', '2026-05-02 14:39:08'),
(4, 'comment', 44, 'Қызық жазылған', '2026-05-02 14:49:48'),
(77, 'like', 23, NULL, '2026-05-02 14:58:55'),
(51, 'like', 37, NULL, '2026-05-02 15:15:27'),
(39, 'comment', 36, 'wow...керемет екен', '2026-05-02 15:52:40'),
(89, 'view', 65, NULL, '2026-05-02 15:55:11'),
(99, 'share', 26, NULL, '2026-05-02 16:42:56'),
(56, 'like', 77, NULL, '2026-05-02 17:28:33'),
(87, 'like', 48, NULL, '2026-05-02 17:37:20'),
(39, 'share', 46, NULL, '2026-05-02 17:52:59'),
(10, 'comment', 73, 'Қызық жазылған', '2026-05-02 18:00:42'),
(17, 'like', 68, NULL, '2026-05-02 18:03:11'),
(110, 'comment', 22, 'wow...керемет екен', '2026-05-02 18:32:32'),
(31, 'like', 5, NULL, '2026-05-02 18:46:19'),
(4, 'view', 4, NULL, '2026-05-02 18:58:07'),
(59, 'view', 46, NULL, '2026-05-02 19:01:48'),
(113, 'share', 61, NULL, '2026-05-02 19:09:29'),
(109, 'like', 61, NULL, '2026-05-02 19:24:01'),
(21, 'view', 43, NULL, '2026-05-02 20:19:10'),
(95, 'view', 32, NULL, '2026-05-02 20:22:51'),
(26, 'view', 14, NULL, '2026-05-02 20:50:09'),
(100, 'like', 7, NULL, '2026-05-02 20:56:38'),
(11, 'like', 78, NULL, '2026-05-02 21:05:30'),
(34, 'like', 79, NULL, '2026-05-02 21:11:39'),
(8, 'like', 0, NULL, '2026-05-02 21:17:15'),
(99, 'share', 11, NULL, '2026-05-02 21:30:27'),
(9, 'like', 8, NULL, '2026-05-02 21:53:39'),
(74, 'like', 51, NULL, '2026-05-02 22:09:25'),
(17, 'like', 13, NULL, '2026-05-02 22:35:48'),
(60, 'view', 26, NULL, '2026-05-02 22:50:44'),
(58, 'comment', 65, 'Тамаша пост!!! 😍😍😍', '2026-05-02 23:45:41'),
(101, 'comment', 36, 'осы дұрыс емес сияқты', '2026-05-02 23:48:15'),
(43, 'comment', 73, 'Рахмет, пайдалы ақпарат)))', '2026-05-03 01:16:46'),
(71, 'like', 57, NULL, '2026-05-03 05:24:18'),
(97, 'view', 19, NULL, '2026-05-03 08:45:38'),
(28, 'comment', 79, 'Рахмет, пайдалы ақпарат)))', '2026-05-03 08:47:30'),
(1, 'comment', 35, 'wow...керемет екен', '2026-05-03 09:00:50'),
(115, 'like', 47, NULL, '2026-05-03 09:03:41'),
(56, 'comment', 7, 'wow...керемет екен', '2026-05-03 09:03:52'),
(35, 'like', 54, NULL, '2026-05-03 09:04:55'),
(30, 'like', 65, NULL, '2026-05-03 09:21:55'),
(115, 'like', 20, NULL, '2026-05-03 09:25:31'),
(110, 'view', 20, NULL, '2026-05-03 09:26:28'),
(27, 'view', 43, NULL, '2026-05-03 09:38:38'),
(26, 'view', 9, NULL, '2026-05-03 10:28:29'),
(72, 'view', 25, NULL, '2026-05-03 10:58:43'),
(7, 'comment', 4, 'Рахмет, пайдалы ақпарат)))', '2026-05-03 11:04:50'),
(71, 'comment', 2, 'Тамаша пост!!! 😍😍😍', '2026-05-03 12:20:32'),
(36, 'comment', 30, 'Тамаша пост!!! 😍😍😍', '2026-05-03 13:05:37'),
(53, 'comment', 61, 'осы дұрыс емес сияқты', '2026-05-03 13:07:13'),
(92, 'comment', 45, 'Қызық жазылған', '2026-05-03 13:33:41'),
(15, 'comment', 78, 'осы дұрыс емес сияқты', '2026-05-03 13:42:32'),
(80, 'like', 17, NULL, '2026-05-03 14:12:53'),
(64, 'view', 13, NULL, '2026-05-03 14:20:04'),
(16, 'like', 54, NULL, '2026-05-03 14:20:33'),
(58, 'share', 0, NULL, '2026-05-03 15:04:34'),
(119, 'comment', 5, 'wow...керемет екен', '2026-05-03 15:08:13'),
(75, 'view', 7, NULL, '2026-05-03 15:10:46'),
(41, 'comment', 43, 'Рахмет, пайдалы ақпарат)))', '2026-05-03 15:46:23'),
(86, 'comment', 22, 'Қызық жазылған', '2026-05-03 16:07:59'),
(39, 'like', 44, NULL, '2026-05-03 16:44:39'),
(5, 'view', 58, NULL, '2026-05-03 16:48:05'),
(44, 'like', 51, NULL, '2026-05-03 16:52:25'),
(50, 'like', 10, NULL, '2026-05-03 16:56:52'),
(71, 'like', 30, NULL, '2026-05-03 17:12:27'),
(58, 'comment', 19, 'Қызық жазылған', '2026-05-03 17:12:31'),
(13, 'comment', 30, 'осы дұрыс емес сияқты', '2026-05-03 17:25:22'),
(43, 'comment', 46, 'wow...керемет екен', '2026-05-03 17:34:15'),
(31, 'like', 43, NULL, '2026-05-03 18:25:26'),
(62, 'like', 56, NULL, '2026-05-03 18:37:25'),
(37, 'like', 47, NULL, '2026-05-03 18:47:03'),
(100, 'view', 4, NULL, '2026-05-03 19:08:36'),
(51, 'comment', 77, 'осы дұрыс емес сияқты', '2026-05-03 19:22:19'),
(95, 'like', 45, NULL, '2026-05-03 19:25:22'),
(111, 'comment', 42, 'Рахмет, пайдалы ақпарат)))', '2026-05-03 19:32:23'),
(23, 'like', 34, NULL, '2026-05-03 19:43:47'),
(66, 'view', 40, NULL, '2026-05-03 20:31:00'),
(115, 'comment', 14, 'осы дұрыс емес сияқты', '2026-05-03 21:15:57'),
(17, 'like', 0, NULL, '2026-05-03 21:43:50'),
(114, 'like', 56, NULL, '2026-05-03 21:50:23'),
(117, 'comment', 58, 'осы дұрыс емес сияқты', '2026-05-03 22:46:04'),
(56, 'share', 35, NULL, '2026-05-03 23:01:10'),
(82, 'view', 27, NULL, '2026-05-03 23:10:41'),
(95, 'share', 11, NULL, '2026-05-03 23:18:45'),
(3, 'like', 61, NULL, '2026-05-04 00:03:28'),
(37, 'view', 7, NULL, '2026-05-04 00:12:12'),
(99, 'like', 5, NULL, '2026-05-04 01:00:58'),
(103, 'like', 36, NULL, '2026-05-04 03:26:08'),
(28, 'comment', 63, 'осы дұрыс емес сияқты', '2026-05-04 03:26:32'),
(43, 'like', 71, NULL, '2026-05-04 04:10:12'),
(72, 'share', 44, NULL, '2026-05-04 05:25:09'),
(74, 'like', 38, NULL, '2026-05-04 06:40:40'),
(64, 'like', 5, NULL, '2026-05-04 07:24:00'),
(23, 'view', 43, NULL, '2026-05-04 07:27:51'),
(12, 'like', 0, NULL, '2026-05-04 07:54:50'),
(85, 'view', 22, NULL, '2026-05-04 08:08:06'),
(105, 'view', 20, NULL, '2026-05-04 08:13:09'),
(114, 'share', 44, NULL, '2026-05-04 08:38:23'),
(116, 'like', 18, NULL, '2026-05-04 08:42:38'),
(41, 'comment', 0, 'Тамаша пост!!! 😍😍😍', '2026-05-04 08:49:10'),
(116, 'like', 40, NULL, '2026-05-04 08:51:05'),
(41, 'like', 60, NULL, '2026-05-04 09:12:00'),
(68, 'like', 2, NULL, '2026-05-04 09:22:57'),
(6, 'like', 25, NULL, '2026-05-04 10:05:24'),
(47, 'view', 30, NULL, '2026-05-04 11:29:13'),
(37, 'comment', 15, 'осы дұрыс емес сияқты', '2026-05-04 12:07:26'),
(11, 'view', 22, NULL, '2026-05-04 13:01:01'),
(108, 'like', 79, NULL, '2026-05-04 13:13:36'),
(92, 'comment', 55, 'Рахмет, пайдалы ақпарат)))', '2026-05-04 13:27:52'),
(28, 'view', 3, NULL, '2026-05-04 13:53:23'),
(13, 'like', 51, NULL, '2026-05-04 14:04:43'),
(10, 'like', 60, NULL, '2026-05-04 14:40:55'),
(24, 'comment', 60, 'Тамаша пост!!! 😍😍😍', '2026-05-04 14:52:27'),
(85, 'view', 75, NULL, '2026-05-04 15:06:34'),
(55, 'view', 76, NULL, '2026-05-04 16:08:50'),
(1, 'comment', 67, 'осы дұрыс емес сияқты', '2026-05-04 16:40:35'),
(75, 'comment', 10, 'Тамаша пост!!! 😍😍😍', '2026-05-04 17:11:08'),
(11, 'like', 18, NULL, '2026-05-04 17:17:39'),
(113, 'view', 16, NULL, '2026-05-04 17:49:21'),
(20, 'view', 27, NULL, '2026-05-04 18:00:05'),
(9, 'like', 18, NULL, '2026-05-04 18:24:11'),
(28, 'like', 30, NULL, '2026-05-04 18:26:31'),
(105, 'view', 26, NULL, '2026-05-04 18:39:04'),
(57, 'comment', 67, 'Қызық жазылған', '2026-05-04 18:46:55'),
(41, 'comment', 52, 'Тамаша пост!!! 😍😍😍', '2026-05-04 18:47:40'),
(33, 'view', 15, NULL, '2026-05-04 19:05:42'),
(79, 'like', 48, NULL, '2026-05-04 19:08:17'),
(108, 'comment', 59, 'осы дұрыс емес сияқты', '2026-05-04 19:11:45'),
(113, 'share', 54, NULL, '2026-05-04 19:38:28'),
(39, 'comment', 38, 'wow...керемет екен', '2026-05-04 20:27:40'),
(52, 'view', 70, NULL, '2026-05-04 20:30:16'),
(111, 'comment', 59, 'wow...керемет екен', '2026-05-04 20:44:46'),
(74, 'view', 51, NULL, '2026-05-04 20:57:40'),
(1, 'like', 34, NULL, '2026-05-04 21:04:15'),
(65, 'comment', 2, 'wow...керемет екен', '2026-05-04 21:14:01'),
(96, 'like', 10, NULL, '2026-05-04 21:15:48'),
(45, 'like', 76, NULL, '2026-05-04 21:24:57'),
(8, 'comment', 32, 'wow...керемет екен', '2026-05-04 22:00:08'),
(76, 'share', 42, NULL, '2026-05-04 22:00:12'),
(83, 'share', 14, NULL, '2026-05-04 22:25:02'),
(26, 'like', 63, NULL, '2026-05-04 22:30:46'),
(120, 'share', 15, NULL, '2026-05-04 22:35:13'),
(98, 'like', 49, NULL, '2026-05-04 22:52:48'),
(57, 'comment', 35, 'Қызық жазылған', '2026-05-04 23:32:38'),
(80, 'comment', 25, 'wow...керемет екен', '2026-05-04 23:52:50'),
(90, 'like', 80, NULL, '2026-05-05 00:32:04'),
(87, 'comment', 11, 'wow...керемет екен', '2026-05-05 01:40:40'),
(116, 'view', 69, NULL, '2026-05-05 03:49:03'),
(31, 'share', 21, NULL, '2026-05-05 06:19:34'),
(70, 'share', 14, NULL, '2026-05-05 06:20:07'),
(84, 'view', 64, NULL, '2026-05-05 08:19:13'),
(118, 'share', 39, NULL, '2026-05-05 09:00:42'),
(58, 'comment', 3, 'Тамаша пост!!! 😍😍😍', '2026-05-05 09:03:54'),
(12, 'comment', 46, 'Қызық жазылған', '2026-05-05 09:14:01'),
(5, 'like', 27, NULL, '2026-05-05 09:44:54'),
(39, 'comment', 35, 'wow...керемет екен', '2026-05-05 10:08:57'),
(116, 'comment', 78, 'осы дұрыс емес сияқты', '2026-05-05 10:17:07'),
(59, 'like', 28, NULL, '2026-05-05 10:51:09'),
(69, 'like', 66, NULL, '2026-05-05 12:18:54'),
(90, 'like', 71, NULL, '2026-05-05 12:47:00'),
(54, 'view', 54, NULL, '2026-05-05 13:45:36'),
(31, 'view', 3, NULL, '2026-05-05 14:04:34'),
(102, 'view', 42, NULL, '2026-05-05 14:14:48'),
(73, 'like', 62, NULL, '2026-05-05 14:49:39'),
(53, 'like', 11, NULL, '2026-05-05 14:59:04'),
(22, 'like', 58, NULL, '2026-05-05 15:13:08'),
(61, 'comment', 28, 'Рахмет, пайдалы ақпарат)))', '2026-05-05 15:35:23'),
(111, 'view', 54, NULL, '2026-05-05 15:50:28'),
(22, 'like', 33, NULL, '2026-05-05 17:02:31'),
(118, 'like', 50, NULL, '2026-05-05 17:36:03'),
(3, 'like', 11, NULL, '2026-05-05 18:02:48'),
(35, 'share', 24, NULL, '2026-05-05 18:07:14'),
(43, 'comment', 68, 'Қызық жазылған', '2026-05-05 18:28:47'),
(7, 'like', 2, NULL, '2026-05-05 18:34:57'),
(111, 'comment', 36, 'осы дұрыс емес сияқты', '2026-05-05 19:46:14'),
(66, 'comment', 36, 'Қызық жазылған', '2026-05-05 20:00:30'),
(72, 'comment', 25, 'осы дұрыс емес сияқты', '2026-05-05 20:00:49'),
(115, 'view', 6, NULL, '2026-05-05 20:11:46'),
(43, 'view', 18, NULL, '2026-05-05 20:41:38'),
(37, 'like', 3, NULL, '2026-05-05 20:59:54'),
(74, 'view', 11, NULL, '2026-05-05 21:06:51'),
(38, 'like', 47, NULL, '2026-05-05 21:11:05'),
(59, 'share', 47, NULL, '2026-05-05 21:17:25'),
(58, 'view', 70, NULL, '2026-05-05 21:33:55'),
(87, 'view', 70, NULL, '2026-05-05 22:21:47'),
(56, 'comment', 70, 'осы дұрыс емес сияқты', '2026-05-05 22:46:54'),
(33, 'comment', 54, 'Рахмет, пайдалы ақпарат)))', '2026-05-05 23:38:56'),
(13, 'like', 12, NULL, '2026-05-06 00:07:39'),
(41, 'view', 23, NULL, '2026-05-06 02:44:17'),
(10, 'like', 18, NULL, '2026-05-06 03:11:03'),
(8, 'share', 73, NULL, '2026-05-06 04:00:43'),
(106, 'view', 38, NULL, '2026-05-06 06:02:48'),
(119, 'like', 52, NULL, '2026-05-06 06:19:37'),
(114, 'like', 72, NULL, '2026-05-06 06:23:30'),
(108, 'share', 0, NULL, '2026-05-06 08:03:43'),
(87, 'comment', 37, 'wow...керемет екен', '2026-05-06 08:14:55'),
(92, 'comment', 0, 'Рахмет, пайдалы ақпарат)))', '2026-05-06 08:26:49'),
(94, 'comment', 64, 'осы дұрыс емес сияқты', '2026-05-06 08:31:04'),
(96, 'like', 52, NULL, '2026-05-06 09:16:15'),
(94, 'like', 0, NULL, '2026-05-06 09:40:07'),
(100, 'like', 23, NULL, '2026-05-06 09:44:47'),
(10, 'like', 72, NULL, '2026-05-06 10:05:22'),
(58, 'comment', 77, 'Рахмет, пайдалы ақпарат)))', '2026-05-06 10:29:57'),
(66, 'share', 24, NULL, '2026-05-06 10:43:51'),
(10, 'view', 63, NULL, '2026-05-06 11:13:15'),
(68, 'comment', 36, 'Рахмет, пайдалы ақпарат)))', '2026-05-06 11:36:13'),
(85, 'view', 23, NULL, '2026-05-06 12:31:59'),
(51, 'like', 59, NULL, '2026-05-06 13:23:17'),
(69, 'view', 27, NULL, '2026-05-06 13:37:33'),
(105, 'like', 31, NULL, '2026-05-06 13:43:12'),
(72, 'view', 38, NULL, '2026-05-06 13:44:21'),
(119, 'share', 42, NULL, '2026-05-06 14:06:37'),
(20, 'view', 15, NULL, '2026-05-06 14:07:33'),
(88, 'like', 11, NULL, '2026-05-06 15:09:36'),
(120, 'like', 18, NULL, '2026-05-06 15:19:26'),
(111, 'comment', 7, 'Тамаша пост!!! 😍😍😍', '2026-05-06 15:50:00'),
(90, 'like', 5, NULL, '2026-05-06 16:01:37'),
(87, 'view', 58, NULL, '2026-05-06 16:03:47'),
(68, 'view', 1, NULL, '2026-05-06 16:30:27'),
(41, 'share', 27, NULL, '2026-05-06 16:32:55'),
(109, 'comment', 21, 'Қызық жазылған', '2026-05-06 16:50:21'),
(52, 'like', 6, NULL, '2026-05-06 17:06:47'),
(76, 'like', 17, NULL, '2026-05-06 17:30:06'),
(70, 'like', 50, NULL, '2026-05-06 17:39:59'),
(37, 'view', 71, NULL, '2026-05-06 17:44:49'),
(64, 'like', 55, NULL, '2026-05-06 18:11:28'),
(56, 'share', 68, NULL, '2026-05-06 18:41:21'),
(79, 'view', 61, NULL, '2026-05-06 18:58:01'),
(108, 'view', 17, NULL, '2026-05-06 19:06:06'),
(19, 'like', 76, NULL, '2026-05-06 19:25:04'),
(39, 'like', 36, NULL, '2026-05-06 19:25:44'),
(19, 'like', 23, NULL, '2026-05-06 19:46:18'),
(104, 'comment', 36, 'осы дұрыс емес сияқты', '2026-05-06 19:52:23'),
(31, 'comment', 57, 'осы дұрыс емес сияқты', '2026-05-06 20:14:07'),
(104, 'view', 30, NULL, '2026-05-06 20:15:08'),
(63, 'view', 5, NULL, '2026-05-06 20:38:05'),
(25, 'comment', 29, 'Тамаша пост!!! 😍😍😍', '2026-05-06 20:53:12'),
(71, 'like', 25, NULL, '2026-05-06 20:56:54'),
(13, 'view', 46, NULL, '2026-05-06 21:03:48'),
(120, 'share', 45, NULL, '2026-05-06 21:50:24'),
(103, 'comment', 30, 'Рахмет, пайдалы ақпарат)))', '2026-05-06 22:08:28'),
(97, 'view', 33, NULL, '2026-05-06 22:13:13'),
(16, 'view', 78, NULL, '2026-05-06 22:18:02'),
(26, 'like', 70, NULL, '2026-05-06 22:27:09'),
(112, 'share', 18, NULL, '2026-05-06 22:34:03'),
(4, 'view', 74, NULL, '2026-05-06 22:35:02'),
(41, 'comment', 14, 'Қызық жазылған', '2026-05-06 22:36:38'),
(10, 'like', 35, NULL, '2026-05-07 03:21:16'),
(13, 'comment', 39, 'wow...керемет екен', '2026-05-07 04:22:07'),
(38, 'like', 74, NULL, '2026-05-07 05:56:21'),
(46, 'like', 54, NULL, '2026-05-07 06:22:11'),
(58, 'like', 0, NULL, '2026-05-07 06:28:55'),
(52, 'comment', 37, 'Рахмет, пайдалы ақпарат)))', '2026-05-07 07:09:57'),
(60, 'view', 70, NULL, '2026-05-07 07:11:53'),
(87, 'like', 33, NULL, '2026-05-07 07:42:57'),
(86, 'like', 25, NULL, '2026-05-07 08:11:17'),
(48, 'like', 5, NULL, '2026-05-07 08:24:21'),
(10, 'view', 12, NULL, '2026-05-07 08:34:57'),
(62, 'like', 9, NULL, '2026-05-07 09:08:24'),
(68, 'comment', 62, 'Рахмет, пайдалы ақпарат)))', '2026-05-07 09:36:34'),
(16, 'like', 9, NULL, '2026-05-07 09:39:08'),
(76, 'comment', 3, 'Рахмет, пайдалы ақпарат)))', '2026-05-07 09:48:18'),
(35, 'share', 76, NULL, '2026-05-07 10:04:44'),
(64, 'view', 2, NULL, '2026-05-07 10:57:24'),
(69, 'like', 59, NULL, '2026-05-07 11:03:18'),
(24, 'like', 10, NULL, '2026-05-07 11:19:30'),
(15, 'comment', 55, 'Қызық жазылған', '2026-05-07 13:11:29'),
(78, 'view', 62, NULL, '2026-05-07 13:15:20'),
(56, 'like', 52, NULL, '2026-05-07 13:18:37'),
(88, 'view', 1, NULL, '2026-05-07 13:37:05'),
(20, 'view', 8, NULL, '2026-05-07 14:55:22'),
(11, 'comment', 50, 'Тамаша пост!!! 😍😍😍', '2026-05-07 15:16:03'),
(78, 'view', 80, NULL, '2026-05-07 15:50:39'),
(5, 'like', 62, NULL, '2026-05-07 15:54:50'),
(44, 'share', 29, NULL, '2026-05-07 15:54:59'),
(86, 'view', 49, NULL, '2026-05-07 16:31:23'),
(73, 'like', 40, NULL, '2026-05-07 17:01:12'),
(33, 'view', 19, NULL, '2026-05-07 17:38:35'),
(29, 'share', 8, NULL, '2026-05-07 17:46:52'),
(29, 'like', 57, NULL, '2026-05-07 17:52:07'),
(103, 'like', 20, NULL, '2026-05-07 18:09:27'),
(67, 'comment', 22, 'wow...керемет екен', '2026-05-07 18:49:00'),
(111, 'like', 34, NULL, '2026-05-07 18:53:04'),
(11, 'like', 66, NULL, '2026-05-07 18:59:08'),
(19, 'like', 19, NULL, '2026-05-07 19:12:45'),
(23, 'view', 65, NULL, '2026-05-07 19:30:59'),
(90, 'like', 5, NULL, '2026-05-07 19:35:58'),
(48, 'like', 49, NULL, '2026-05-07 20:05:01'),
(120, 'view', 55, NULL, '2026-05-07 20:17:36'),
(5, 'share', 31, NULL, '2026-05-07 20:21:17'),
(62, 'view', 31, NULL, '2026-05-07 20:33:26'),
(62, 'like', 58, NULL, '2026-05-07 20:56:55'),
(80, 'view', 38, NULL, '2026-05-07 21:27:28'),
(52, 'like', 35, NULL, '2026-05-07 21:53:09'),
(27, 'view', 31, NULL, '2026-05-07 22:00:24'),
(42, 'like', 18, NULL, '2026-05-07 22:13:36'),
(18, 'share', 2, NULL, '2026-05-07 22:28:05'),
(113, 'share', 48, NULL, '2026-05-07 22:33:52'),
(97, 'view', 20, NULL, '2026-05-07 22:59:12'),
(81, 'comment', 0, 'Рахмет, пайдалы ақпарат)))', '2026-05-07 23:15:12'),
(58, 'like', 58, NULL, '2026-05-07 23:18:10'),
(13, 'view', 68, NULL, '2026-05-08 04:26:12'),
(87, 'like', 11, NULL, '2026-05-08 04:33:34'),
(93, 'share', 43, NULL, '2026-05-08 05:13:30'),
(17, 'like', 0, NULL, '2026-05-08 06:31:14'),
(84, 'view', 49, NULL, '2026-05-08 07:45:30'),
(1, 'like', 0, NULL, '2026-05-08 08:22:44'),
(64, 'comment', 75, 'wow...керемет екен', '2026-05-08 08:25:54'),
(46, 'comment', 29, 'Тамаша пост!!! 😍😍😍', '2026-05-08 08:41:16'),
(116, 'view', 24, NULL, '2026-05-08 08:57:56'),
(46, 'comment', 63, 'Қызық жазылған', '2026-05-08 09:21:15'),
(113, 'like', 41, NULL, '2026-05-08 09:28:39'),
(54, 'view', 6, NULL, '2026-05-08 09:50:53'),
(54, 'like', 10, NULL, '2026-05-08 09:57:16'),
(50, 'comment', 40, 'осы дұрыс емес сияқты', '2026-05-08 11:06:57'),
(11, 'share', 58, NULL, '2026-05-08 11:23:42'),
(63, 'view', 35, NULL, '2026-05-08 11:57:56'),
(94, 'like', 15, NULL, '2026-05-08 12:02:42'),
(57, 'like', 27, NULL, '2026-05-08 12:16:19'),
(63, 'view', 77, NULL, '2026-05-08 12:16:28'),
(96, 'share', 21, NULL, '2026-05-08 12:50:04'),
(49, 'share', 55, NULL, '2026-05-08 13:43:02'),
(17, 'like', 40, NULL, '2026-05-08 13:46:53'),
(48, 'like', 0, NULL, '2026-05-08 13:50:17'),
(34, 'view', 19, NULL, '2026-05-08 14:17:35'),
(22, 'view', 29, NULL, '2026-05-08 14:44:52'),
(108, 'like', 55, NULL, '2026-05-08 14:49:53'),
(84, 'like', 7, NULL, '2026-05-08 14:50:34'),
(89, 'like', 51, NULL, '2026-05-08 15:14:02'),
(107, 'comment', 70, 'Рахмет, пайдалы ақпарат)))', '2026-05-08 15:26:03'),
(77, 'like', 28, NULL, '2026-05-08 16:40:08'),
(3, 'like', 54, NULL, '2026-05-08 17:03:46'),
(85, 'like', 71, NULL, '2026-05-08 17:25:59'),
(85, 'like', 62, NULL, '2026-05-08 17:34:43'),
(120, 'like', 59, NULL, '2026-05-08 17:48:36'),
(15, 'like', 71, NULL, '2026-05-08 17:49:21'),
(98, 'like', 75, NULL, '2026-05-08 18:07:30'),
(47, 'like', 49, NULL, '2026-05-08 18:29:16'),
(89, 'view', 20, NULL, '2026-05-08 19:15:12'),
(75, 'view', 28, NULL, '2026-05-08 19:19:15'),
(84, 'like', 61, NULL, '2026-05-08 19:26:14'),
(5, 'like', 15, NULL, '2026-05-08 19:30:44'),
(46, 'like', 10, NULL, '2026-05-08 19:40:03'),
(56, 'view', 0, NULL, '2026-05-08 19:57:11'),
(5, 'like', 41, NULL, '2026-05-08 20:09:26'),
(4, 'like', 75, NULL, '2026-05-08 20:23:13'),
(17, 'view', 63, NULL, '2026-05-08 20:25:28'),
(101, 'share', 66, NULL, '2026-05-08 20:36:24'),
(50, 'share', 76, NULL, '2026-05-08 20:44:48'),
(24, 'like', 69, NULL, '2026-05-08 21:25:46'),
(29, 'like', 35, NULL, '2026-05-08 21:26:18'),
(73, 'like', 42, NULL, '2026-05-08 21:30:20'),
(95, 'comment', 80, 'Қызық жазылған', '2026-05-08 21:30:53'),
(15, 'comment', 45, 'wow...керемет екен', '2026-05-08 21:44:09'),
(115, 'view', 43, NULL, '2026-05-08 21:47:52'),
(95, 'view', 20, NULL, '2026-05-08 22:03:06'),
(9, 'like', 58, NULL, '2026-05-08 22:14:56'),
(25, 'like', 32, NULL, '2026-05-08 22:29:33'),
(64, 'comment', 25, 'wow...керемет екен', '2026-05-08 22:52:02'),
(102, 'like', 50, NULL, '2026-05-08 23:39:01'),
(109, 'share', 64, NULL, '2026-05-09 01:02:44'),
(120, 'comment', 55, 'осы дұрыс емес сияқты', '2026-05-09 01:29:03'),
(45, 'comment', 63, 'Қызық жазылған', '2026-05-09 02:56:13'),
(19, 'view', 69, NULL, '2026-05-09 04:15:38'),
(8, 'like', 19, NULL, '2026-05-09 05:58:29'),
(2, 'view', 70, NULL, '2026-05-09 07:33:10'),
(89, 'like', 51, NULL, '2026-05-09 08:05:02'),
(74, 'like', 35, NULL, '2026-05-09 08:06:26'),
(89, 'like', 72, NULL, '2026-05-09 10:24:21'),
(43, 'like', 33, NULL, '2026-05-09 10:33:35'),
(30, 'like', 15, NULL, '2026-05-09 10:36:50'),
(81, 'like', 76, NULL, '2026-05-09 10:56:46'),
(11, 'view', 7, NULL, '2026-05-09 11:29:25'),
(68, 'like', 20, NULL, '2026-05-09 12:30:52'),
(48, 'view', 43, NULL, '2026-05-09 13:09:50'),
(86, 'like', 0, NULL, '2026-05-09 13:32:29'),
(46, 'share', 3, NULL, '2026-05-09 14:40:49'),
(70, 'share', 70, NULL, '2026-05-09 15:02:09'),
(28, 'like', 60, NULL, '2026-05-09 15:04:00'),
(9, 'like', 59, NULL, '2026-05-09 15:07:43'),
(107, 'like', 5, NULL, '2026-05-09 15:12:38'),
(90, 'comment', 34, 'Рахмет, пайдалы ақпарат)))', '2026-05-09 15:15:58'),
(68, 'view', 2, NULL, '2026-05-09 15:16:04'),
(72, 'comment', 76, 'Қызық жазылған', '2026-05-09 16:38:04'),
(1, 'comment', 16, 'wow...керемет екен', '2026-05-09 16:42:29'),
(64, 'view', 30, NULL, '2026-05-09 17:02:03'),
(45, 'view', 54, NULL, '2026-05-09 17:48:20'),
(114, 'view', 54, NULL, '2026-05-09 18:02:12'),
(13, 'like', 42, NULL, '2026-05-09 18:21:02'),
(99, 'like', 3, NULL, '2026-05-09 18:31:08'),
(63, 'view', 30, NULL, '2026-05-09 18:36:40'),
(60, 'view', 48, NULL, '2026-05-09 18:37:52'),
(117, 'like', 76, NULL, '2026-05-09 18:39:53'),
(93, 'view', 67, NULL, '2026-05-09 18:41:50'),
(8, 'view', 14, NULL, '2026-05-09 18:59:40'),
(111, 'like', 61, NULL, '2026-05-09 19:03:56'),
(22, 'view', 26, NULL, '2026-05-09 19:17:20'),
(100, 'view', 37, NULL, '2026-05-09 19:58:14'),
(42, 'view', 10, NULL, '2026-05-09 20:18:48'),
(73, 'like', 61, NULL, '2026-05-09 20:36:56'),
(76, 'like', 67, NULL, '2026-05-09 20:42:34'),
(106, 'like', 23, NULL, '2026-05-09 20:50:04'),
(29, 'view', 65, NULL, '2026-05-09 21:06:15'),
(90, 'like', 13, NULL, '2026-05-09 21:08:34'),
(114, 'like', 14, NULL, '2026-05-09 21:08:48'),
(45, 'like', 11, NULL, '2026-05-09 21:10:54'),
(22, 'like', 0, NULL, '2026-05-09 21:15:44'),
(7, 'view', 40, NULL, '2026-05-09 21:33:07'),
(1, 'like', 22, NULL, '2026-05-09 21:35:35'),
(110, 'share', 80, NULL, '2026-05-09 22:31:11'),
(26, 'like', 61, NULL, '2026-05-09 22:44:26'),
(12, 'view', 9, NULL, '2026-05-09 23:22:07'),
(102, 'like', 44, NULL, '2026-05-09 23:24:07'),
(57, 'view', 54, NULL, '2026-05-10 01:22:57'),
(22, 'view', 52, NULL, '2026-05-10 03:34:21'),
(42, 'comment', 0, 'Қызық жазылған', '2026-05-10 07:12:12'),
(73, 'view', 22, NULL, '2026-05-10 07:16:51'),
(11, 'view', 63, NULL, '2026-05-10 07:24:03'),
(75, 'comment', 19, 'wow...керемет екен', '2026-05-10 07:56:57'),
(38, 'view', 50, NULL, '2026-05-10 08:05:46');

INSERT INTO Activities (user_id, action_type, post_id, comment_text, activity_timestamp) VALUES
(57, 'comment', 44, 'wow...керемет екен', '2026-05-10 08:17:42'),
(9, 'like', 44, NULL, '2026-05-10 08:38:58'),
(93, 'like', 79, NULL, '2026-05-10 10:00:32'),
(29, 'like', 13, NULL, '2026-05-10 10:26:56'),
(87, 'comment', 54, 'wow...керемет екен', '2026-05-10 11:42:58'),
(1, 'like', 28, NULL, '2026-05-10 11:47:59'),
(116, 'like', 61, NULL, '2026-05-10 11:58:10'),
(120, 'like', 24, NULL, '2026-05-10 12:34:15'),
(24, 'share', 67, NULL, '2026-05-10 12:39:24'),
(109, 'like', 63, NULL, '2026-05-10 14:29:32'),
(72, 'comment', 67, 'Рахмет, пайдалы ақпарат)))', '2026-05-10 14:36:22'),
(117, 'comment', 31, 'Рахмет, пайдалы ақпарат)))', '2026-05-10 14:46:36'),
(62, 'like', 80, NULL, '2026-05-10 14:51:16'),
(97, 'like', 75, NULL, '2026-05-10 15:09:09'),
(33, 'comment', 71, 'Қызық жазылған', '2026-05-10 15:41:24'),
(54, 'share', 80, NULL, '2026-05-10 16:17:53'),
(6, 'like', 0, NULL, '2026-05-10 16:43:50'),
(57, 'like', 79, NULL, '2026-05-10 16:46:10'),
(105, 'view', 33, NULL, '2026-05-10 16:51:50'),
(96, 'comment', 3, 'Рахмет, пайдалы ақпарат)))', '2026-05-10 17:43:29'),
(70, 'view', 79, NULL, '2026-05-10 17:58:30'),
(46, 'comment', 47, 'Рахмет, пайдалы ақпарат)))', '2026-05-10 18:01:12'),
(74, 'view', 42, NULL, '2026-05-10 18:08:13'),
(32, 'like', 56, NULL, '2026-05-10 18:12:41'),
(70, 'comment', 54, 'Қызық жазылған', '2026-05-10 18:51:14'),
(7, 'view', 23, NULL, '2026-05-10 18:59:59'),
(66, 'view', 73, NULL, '2026-05-10 19:15:21'),
(52, 'view', 7, NULL, '2026-05-10 19:26:53'),
(52, 'like', 8, NULL, '2026-05-10 19:27:49'),
(18, 'view', 20, NULL, '2026-05-10 19:30:10'),
(79, 'view', 47, NULL, '2026-05-10 19:53:06'),
(102, 'like', 20, NULL, '2026-05-10 19:55:27'),
(23, 'like', 63, NULL, '2026-05-10 20:05:51'),
(82, 'comment', 48, 'wow...керемет екен', '2026-05-10 20:21:03'),
(105, 'share', 15, NULL, '2026-05-10 20:26:12'),
(53, 'view', 53, NULL, '2026-05-10 20:36:11'),
(109, 'like', 21, NULL, '2026-05-10 20:53:43'),
(71, 'like', 30, NULL, '2026-05-10 20:57:08'),
(96, 'view', 77, NULL, '2026-05-10 21:02:23'),
(120, 'view', 5, NULL, '2026-05-10 21:05:46'),
(84, 'view', 21, NULL, '2026-05-10 21:31:38'),
(101, 'share', 4, NULL, '2026-05-10 21:47:33'),
(83, 'comment', 28, 'Тамаша пост!!! 😍😍😍', '2026-05-10 22:08:42'),
(4, 'like', 9, NULL, '2026-05-10 22:11:03'),
(94, 'view', 27, NULL, '2026-05-10 22:22:31'),
(88, 'like', 53, NULL, '2026-05-10 22:38:05'),
(70, 'like', 0, NULL, '2026-05-10 22:55:14'),
(51, 'comment', 20, 'Тамаша пост!!! 😍😍😍', '2026-05-10 23:19:36'),
(73, 'view', 0, NULL, '2026-05-11 00:42:36'),
(21, 'like', 65, NULL, '2026-05-11 02:56:07'),
(102, 'like', 16, NULL, '2026-05-11 03:12:13'),
(87, 'like', 0, NULL, '2026-05-11 06:09:09'),
(44, 'like', 1, NULL, '2026-05-11 07:05:18'),
(74, 'view', 19, NULL, '2026-05-11 07:13:55'),
(114, 'like', 65, NULL, '2026-05-11 07:27:56'),
(9, 'share', 16, NULL, '2026-05-11 07:37:01'),
(24, 'share', 57, NULL, '2026-05-11 08:41:32'),
(29, 'view', 1, NULL, '2026-05-11 08:44:10'),
(30, 'like', 5, NULL, '2026-05-11 08:53:09'),
(53, 'comment', 38, 'Рахмет, пайдалы ақпарат)))', '2026-05-11 09:10:05'),
(22, 'view', 7, NULL, '2026-05-11 09:11:00'),
(116, 'view', 44, NULL, '2026-05-11 09:26:53'),
(29, 'like', 75, NULL, '2026-05-11 09:36:55'),
(9, 'like', 27, NULL, '2026-05-11 09:41:56'),
(47, 'view', 80, NULL, '2026-05-11 10:23:40'),
(8, 'share', 2, NULL, '2026-05-11 10:23:50'),
(2, 'view', 38, NULL, '2026-05-11 10:29:04'),
(42, 'view', 17, NULL, '2026-05-11 10:42:52'),
(97, 'view', 56, NULL, '2026-05-11 10:52:49'),
(93, 'comment', 0, 'Тамаша пост!!! 😍😍😍', '2026-05-11 11:02:18'),
(100, 'view', 32, NULL, '2026-05-11 11:17:59'),
(91, 'view', 3, NULL, '2026-05-11 11:45:30'),
(29, 'comment', 34, 'wow...керемет екен', '2026-05-11 12:35:01'),
(113, 'share', 6, NULL, '2026-05-11 13:34:15'),
(46, 'like', 15, NULL, '2026-05-11 13:59:51'),
(36, 'like', 51, NULL, '2026-05-11 14:10:59'),
(73, 'view', 11, NULL, '2026-05-11 14:24:06'),
(86, 'comment', 3, 'осы дұрыс емес сияқты', '2026-05-11 14:27:34'),
(6, 'view', 3, NULL, '2026-05-11 14:29:21'),
(90, 'comment', 27, 'осы дұрыс емес сияқты', '2026-05-11 15:04:10'),
(84, 'share', 25, NULL, '2026-05-11 15:09:50'),
(119, 'like', 33, NULL, '2026-05-11 15:27:06'),
(7, 'view', 24, NULL, '2026-05-11 16:49:09'),
(63, 'view', 10, NULL, '2026-05-11 16:56:57'),
(30, 'view', 0, NULL, '2026-05-11 17:05:12'),
(36, 'view', 58, NULL, '2026-05-11 17:06:12'),
(7, 'comment', 24, 'Тамаша пост!!! 😍😍😍', '2026-05-11 17:07:31'),
(68, 'like', 32, NULL, '2026-05-11 17:39:26'),
(87, 'view', 66, NULL, '2026-05-11 19:11:04'),
(17, 'share', 58, NULL, '2026-05-11 19:25:51'),
(14, 'like', 57, NULL, '2026-05-11 19:44:32'),
(106, 'view', 50, NULL, '2026-05-11 19:55:40'),
(120, 'like', 7, NULL, '2026-05-11 20:01:07'),
(94, 'like', 19, NULL, '2026-05-11 20:05:22'),
(41, 'view', 52, NULL, '2026-05-11 20:09:20'),
(65, 'comment', 47, 'Рахмет, пайдалы ақпарат)))', '2026-05-11 20:12:06'),
(4, 'like', 40, NULL, '2026-05-11 21:04:13'),
(30, 'comment', 49, 'Рахмет, пайдалы ақпарат)))', '2026-05-11 21:17:03'),
(95, 'view', 55, NULL, '2026-05-11 21:22:57'),
(14, 'like', 17, NULL, '2026-05-11 21:44:56'),
(26, 'share', 12, NULL, '2026-05-11 22:12:25'),
(3, 'comment', 72, 'Рахмет, пайдалы ақпарат)))', '2026-05-11 22:24:45'),
(52, 'like', 1, NULL, '2026-05-11 22:47:32'),
(59, 'view', 23, NULL, '2026-05-11 22:58:46'),
(3, 'comment', 2, 'wow...керемет екен', '2026-05-11 23:18:41'),
(27, 'comment', 66, 'Рахмет, пайдалы ақпарат)))', '2026-05-11 23:33:42'),
(56, 'comment', 63, 'Қызық жазылған', '2026-05-11 23:38:27'),
(100, 'share', 53, NULL, '2026-05-11 23:40:27'),
(20, 'like', 33, NULL, '2026-05-11 23:48:07'),
(64, 'view', 25, NULL, '2026-05-11 23:53:22'),
(27, 'share', 7, NULL, '2026-05-12 02:19:09'),
(37, 'view', 25, NULL, '2026-05-12 08:00:57'),
(29, 'view', 46, NULL, '2026-05-12 08:28:53'),
(111, 'view', 63, NULL, '2026-05-12 09:16:57'),
(50, 'view', 18, NULL, '2026-05-12 09:22:27'),
(47, 'comment', 15, 'Тамаша пост!!! 😍😍😍', '2026-05-12 09:36:29'),
(17, 'like', 59, NULL, '2026-05-12 10:08:14'),
(54, 'view', 56, NULL, '2026-05-12 10:16:53'),
(57, 'like', 24, NULL, '2026-05-12 10:54:25'),
(113, 'view', 7, NULL, '2026-05-12 12:34:11'),
(82, 'view', 74, NULL, '2026-05-12 12:45:49'),
(36, 'like', 70, NULL, '2026-05-12 13:21:57'),
(33, 'like', 28, NULL, '2026-05-12 13:38:21'),
(106, 'share', 0, NULL, '2026-05-12 13:39:42'),
(40, 'comment', 70, 'осы дұрыс емес сияқты', '2026-05-12 13:42:30'),
(83, 'view', 2, NULL, '2026-05-12 14:03:17'),
(44, 'comment', 57, 'Тамаша пост!!! 😍😍😍', '2026-05-12 14:15:36'),
(62, 'comment', 65, 'wow...керемет екен', '2026-05-12 14:17:15'),
(103, 'view', 78, NULL, '2026-05-12 14:20:02'),
(22, 'view', 55, NULL, '2026-05-12 14:25:08'),
(45, 'like', 68, NULL, '2026-05-12 14:38:34'),
(54, 'like', 46, NULL, '2026-05-12 14:44:28'),
(115, 'view', 8, NULL, '2026-05-12 15:49:03'),
(68, 'comment', 17, 'Рахмет, пайдалы ақпарат)))', '2026-05-12 15:58:35'),
(9, 'like', 72, NULL, '2026-05-12 17:03:29'),
(11, 'like', 27, NULL, '2026-05-12 17:17:02'),
(21, 'like', 75, NULL, '2026-05-12 17:31:35'),
(28, 'share', 14, NULL, '2026-05-12 17:45:46'),
(71, 'like', 16, NULL, '2026-05-12 18:20:16'),
(13, 'view', 49, NULL, '2026-05-12 18:25:05'),
(43, 'like', 55, NULL, '2026-05-12 18:45:11'),
(14, 'like', 64, NULL, '2026-05-12 18:52:43'),
(37, 'like', 37, NULL, '2026-05-12 19:37:43'),
(7, 'comment', 3, 'осы дұрыс емес сияқты', '2026-05-12 19:45:12'),
(9, 'view', 50, NULL, '2026-05-12 19:46:17'),
(22, 'view', 29, NULL, '2026-05-12 19:53:47'),
(26, 'like', 14, NULL, '2026-05-12 19:55:43'),
(59, 'view', 57, NULL, '2026-05-12 20:01:23'),
(52, 'like', 14, NULL, '2026-05-12 20:01:50'),
(109, 'like', 39, NULL, '2026-05-12 20:04:29'),
(108, 'view', 28, NULL, '2026-05-12 20:07:44'),
(98, 'comment', 21, 'Қызық жазылған', '2026-05-12 20:11:36'),
(20, 'like', 14, NULL, '2026-05-12 20:14:32'),
(119, 'like', 0, NULL, '2026-05-12 20:21:55'),
(7, 'like', 79, NULL, '2026-05-12 20:29:11'),
(10, 'view', 11, NULL, '2026-05-12 21:36:09'),
(69, 'view', 33, NULL, '2026-05-12 22:12:12'),
(89, 'view', 69, NULL, '2026-05-12 22:20:37'),
(44, 'like', 48, NULL, '2026-05-13 00:34:49'),
(114, 'view', 45, NULL, '2026-05-13 03:03:42'),
(48, 'comment', 68, 'wow...керемет екен', '2026-05-13 03:17:38'),
(13, 'like', 49, NULL, '2026-05-13 04:41:44'),
(108, 'view', 28, NULL, '2026-05-13 05:57:35'),
(96, 'view', 49, NULL, '2026-05-13 06:22:48'),
(55, 'like', 70, NULL, '2026-05-13 06:26:39'),
(119, 'like', 76, NULL, '2026-05-13 07:12:44'),
(96, 'like', 50, NULL, '2026-05-13 07:55:57'),
(16, 'view', 9, NULL, '2026-05-13 08:13:06'),
(22, 'like', 51, NULL, '2026-05-13 08:27:22'),
(2, 'view', 74, NULL, '2026-05-13 08:28:04'),
(85, 'view', 50, NULL, '2026-05-13 08:35:38'),
(94, 'view', 62, NULL, '2026-05-13 09:01:54'),
(3, 'comment', 74, 'wow...керемет екен', '2026-05-13 09:13:49'),
(119, 'like', 14, NULL, '2026-05-13 10:13:17'),
(21, 'like', 72, NULL, '2026-05-13 10:22:42'),
(87, 'comment', 49, 'осы дұрыс емес сияқты', '2026-05-13 11:54:40'),
(80, 'comment', 28, 'Қызық жазылған', '2026-05-13 12:05:41'),
(95, 'like', 69, NULL, '2026-05-13 12:36:15'),
(92, 'share', 51, NULL, '2026-05-13 13:05:28'),
(54, 'like', 6, NULL, '2026-05-13 13:05:52'),
(30, 'comment', 6, 'Рахмет, пайдалы ақпарат)))', '2026-05-13 13:29:18'),
(105, 'like', 77, NULL, '2026-05-13 13:47:41'),
(117, 'like', 50, NULL, '2026-05-13 15:03:22'),
(12, 'view', 11, NULL, '2026-05-13 15:55:01'),
(100, 'view', 40, NULL, '2026-05-13 16:33:52'),
(114, 'like', 0, NULL, '2026-05-13 16:51:03'),
(84, 'like', 26, NULL, '2026-05-13 17:51:41'),
(32, 'comment', 46, 'осы дұрыс емес сияқты', '2026-05-13 18:13:08'),
(38, 'view', 3, NULL, '2026-05-13 18:14:15'),
(58, 'comment', 71, 'осы дұрыс емес сияқты', '2026-05-13 18:23:24'),
(56, 'like', 1, NULL, '2026-05-13 18:26:23'),
(113, 'like', 0, NULL, '2026-05-13 18:34:36'),
(12, 'comment', 73, 'Рахмет, пайдалы ақпарат)))', '2026-05-13 19:05:04'),
(19, 'like', 68, NULL, '2026-05-13 19:07:26'),
(32, 'comment', 2, 'wow...керемет екен', '2026-05-13 19:14:13'),
(30, 'view', 1, NULL, '2026-05-13 19:18:50'),
(10, 'comment', 8, 'Қызық жазылған', '2026-05-13 19:20:05'),
(61, 'like', 58, NULL, '2026-05-13 19:22:21'),
(96, 'comment', 70, 'Қызық жазылған', '2026-05-13 19:23:10'),
(7, 'like', 69, NULL, '2026-05-13 19:28:07'),
(87, 'view', 11, NULL, '2026-05-13 19:36:30'),
(109, 'like', 0, NULL, '2026-05-13 19:37:36'),
(117, 'share', 32, NULL, '2026-05-13 20:11:48'),
(53, 'comment', 0, 'wow...керемет екен', '2026-05-13 20:14:03'),
(35, 'view', 80, NULL, '2026-05-13 20:18:23'),
(120, 'comment', 15, 'Рахмет, пайдалы ақпарат)))', '2026-05-13 20:23:21'),
(32, 'share', 7, NULL, '2026-05-13 20:25:09'),
(94, 'comment', 73, 'Рахмет, пайдалы ақпарат)))', '2026-05-13 21:15:16'),
(11, 'comment', 72, 'wow...керемет екен', '2026-05-13 21:50:17'),
(109, 'comment', 25, 'Тамаша пост!!! 😍😍😍', '2026-05-13 22:04:04'),
(46, 'like', 79, NULL, '2026-05-13 22:15:20'),
(105, 'like', 79, NULL, '2026-05-13 22:25:24'),
(14, 'like', 55, NULL, '2026-05-13 23:03:51'),
(74, 'view', 45, NULL, '2026-05-13 23:58:06'),
(2, 'share', 5, NULL, '2026-05-14 00:49:27'),
(70, 'view', 75, NULL, '2026-05-14 00:51:06'),
(65, 'like', 9, NULL, '2026-05-14 02:00:08'),
(71, 'view', 21, NULL, '2026-05-14 03:58:25'),
(109, 'view', 11, NULL, '2026-05-14 05:01:51'),
(51, 'view', 75, NULL, '2026-05-14 05:02:14'),
(10, 'view', 52, NULL, '2026-05-14 05:06:57'),
(68, 'comment', 11, 'wow...керемет екен', '2026-05-14 05:29:59'),
(84, 'view', 54, NULL, '2026-05-14 06:20:34'),
(43, 'view', 78, NULL, '2026-05-14 06:55:35'),
(52, 'share', 64, NULL, '2026-05-14 08:49:13'),
(44, 'comment', 67, 'Тамаша пост!!! 😍😍😍', '2026-05-14 09:02:39'),
(45, 'comment', 17, 'осы дұрыс емес сияқты', '2026-05-14 09:45:25'),
(85, 'like', 26, NULL, '2026-05-14 09:59:44'),
(51, 'view', 26, NULL, '2026-05-14 10:39:35'),
(50, 'view', 5, NULL, '2026-05-14 11:57:51'),
(119, 'like', 26, NULL, '2026-05-14 12:15:44'),
(6, 'like', 71, NULL, '2026-05-14 14:12:42'),
(14, 'like', 45, NULL, '2026-05-14 14:53:20'),
(17, 'comment', 72, 'Рахмет, пайдалы ақпарат)))', '2026-05-14 15:00:11'),
(120, 'comment', 69, 'wow...керемет екен', '2026-05-14 15:21:08'),
(80, 'view', 3, NULL, '2026-05-14 15:28:05'),
(53, 'like', 66, NULL, '2026-05-14 15:47:43'),
(28, 'view', 72, NULL, '2026-05-14 16:17:42'),
(28, 'share', 0, NULL, '2026-05-14 16:31:01'),
(80, 'view', 36, NULL, '2026-05-14 17:15:51'),
(3, 'like', 7, NULL, '2026-05-14 18:09:07'),
(102, 'comment', 62, 'Тамаша пост!!! 😍😍😍', '2026-05-14 18:10:20'),
(89, 'view', 56, NULL, '2026-05-14 19:09:52'),
(7, 'view', 9, NULL, '2026-05-14 19:10:59'),
(65, 'view', 66, NULL, '2026-05-14 19:21:58'),
(35, 'view', 59, NULL, '2026-05-14 19:37:08'),
(34, 'like', 54, NULL, '2026-05-14 20:01:29'),
(7, 'like', 37, NULL, '2026-05-14 20:37:48'),
(108, 'share', 68, NULL, '2026-05-14 20:44:28'),
(87, 'view', 47, NULL, '2026-05-14 20:59:43'),
(54, 'view', 17, NULL, '2026-05-14 21:06:53'),
(12, 'like', 49, NULL, '2026-05-14 21:14:01'),
(41, 'like', 21, NULL, '2026-05-14 21:22:36'),
(70, 'like', 40, NULL, '2026-05-14 21:31:32'),
(78, 'view', 5, NULL, '2026-05-14 21:41:58'),
(30, 'view', 26, NULL, '2026-05-14 21:49:51'),
(60, 'view', 62, NULL, '2026-05-14 21:50:02'),
(20, 'comment', 61, 'осы дұрыс емес сияқты', '2026-05-14 21:53:23'),
(27, 'view', 5, NULL, '2026-05-14 21:58:38'),
(102, 'share', 21, NULL, '2026-05-14 22:10:02'),
(30, 'like', 76, NULL, '2026-05-14 22:24:46'),
(69, 'like', 63, NULL, '2026-05-14 22:40:51'),
(37, 'view', 20, NULL, '2026-05-14 22:41:48'),
(6, 'comment', 46, 'Рахмет, пайдалы ақпарат)))', '2026-05-14 23:20:13'),
(40, 'comment', 19, 'Рахмет, пайдалы ақпарат)))', '2026-05-14 23:45:36'),
(31, 'like', 31, NULL, '2026-05-15 01:33:17'),
(86, 'like', 29, NULL, '2026-05-15 04:08:25'),
(91, 'share', 60, NULL, '2026-05-15 04:32:19'),
(106, 'like', 10, NULL, '2026-05-15 07:11:09'),
(40, 'comment', 57, 'Рахмет, пайдалы ақпарат)))', '2026-05-15 07:58:49'),
(100, 'view', 0, NULL, '2026-05-15 08:18:43'),
(118, 'comment', 73, 'wow...керемет екен', '2026-05-15 08:44:23'),
(115, 'like', 47, NULL, '2026-05-15 08:52:41'),
(36, 'share', 33, NULL, '2026-05-15 09:13:02'),
(31, 'share', 14, NULL, '2026-05-15 09:18:03'),
(13, 'view', 63, NULL, '2026-05-15 09:36:43'),
(57, 'view', 67, NULL, '2026-05-15 09:53:53'),
(112, 'like', 45, NULL, '2026-05-15 11:15:02'),
(90, 'share', 18, NULL, '2026-05-15 11:17:09'),
(3, 'comment', 79, 'Тамаша пост!!! 😍😍😍', '2026-05-15 11:49:32'),
(19, 'view', 54, NULL, '2026-05-15 11:49:37'),
(100, 'like', 62, NULL, '2026-05-15 12:43:42'),
(68, 'like', 68, NULL, '2026-05-15 13:23:15'),
(14, 'like', 0, NULL, '2026-05-15 13:33:32'),
(110, 'like', 31, NULL, '2026-05-15 13:52:55'),
(103, 'comment', 63, 'Қызық жазылған', '2026-05-15 13:54:29'),
(47, 'view', 29, NULL, '2026-05-15 14:38:33'),
(41, 'like', 17, NULL, '2026-05-15 14:42:42'),
(85, 'like', 2, NULL, '2026-05-15 14:55:21'),
(77, 'view', 3, NULL, '2026-05-15 14:58:43'),
(88, 'share', 41, NULL, '2026-05-15 15:06:51'),
(47, 'view', 59, NULL, '2026-05-15 15:55:36'),
(46, 'view', 74, NULL, '2026-05-15 16:13:15'),
(74, 'comment', 18, 'Тамаша пост!!! 😍😍😍', '2026-05-15 16:18:30'),
(2, 'like', 43, NULL, '2026-05-15 16:37:42'),
(81, 'view', 11, NULL, '2026-05-15 16:42:50'),
(41, 'view', 65, NULL, '2026-05-15 17:35:50'),
(103, 'like', 80, NULL, '2026-05-15 18:37:33'),
(90, 'comment', 36, 'Тамаша пост!!! 😍😍😍', '2026-05-15 19:46:39'),
(22, 'like', 0, NULL, '2026-05-15 20:02:56'),
(114, 'comment', 0, 'wow...керемет екен', '2026-05-15 21:06:37'),
(7, 'view', 2, NULL, '2026-05-15 21:30:27'),
(21, 'like', 35, NULL, '2026-05-15 21:51:36'),
(41, 'view', 14, NULL, '2026-05-15 21:55:05'),
(109, 'share', 80, NULL, '2026-05-15 22:15:12'),
(64, 'share', 1, NULL, '2026-05-15 22:21:37'),
(18, 'like', 68, NULL, '2026-05-15 23:08:09'),
(83, 'like', 42, NULL, '2026-05-15 23:39:44'),
(18, 'share', 35, NULL, '2026-05-16 03:51:23'),
(47, 'share', 5, NULL, '2026-05-16 06:42:27'),
(56, 'like', 37, NULL, '2026-05-16 08:43:17'),
(87, 'like', 30, NULL, '2026-05-16 09:00:33'),
(13, 'comment', 36, 'wow...керемет екен', '2026-05-16 09:29:31'),
(91, 'like', 55, NULL, '2026-05-16 10:26:17'),
(74, 'share', 4, NULL, '2026-05-16 11:12:51'),
(44, 'view', 16, NULL, '2026-05-16 11:49:34'),
(115, 'like', 61, NULL, '2026-05-16 12:21:36'),
(97, 'comment', 56, 'Рахмет, пайдалы ақпарат)))', '2026-05-16 12:39:16'),
(102, 'view', 80, NULL, '2026-05-16 13:15:04'),
(7, 'comment', 77, 'wow...керемет екен', '2026-05-16 13:29:04'),
(2, 'view', 56, NULL, '2026-05-16 13:58:28'),
(15, 'view', 55, NULL, '2026-05-16 14:08:00'),
(60, 'like', 6, NULL, '2026-05-16 14:09:39'),
(83, 'comment', 17, 'Тамаша пост!!! 😍😍😍', '2026-05-16 14:38:37'),
(32, 'comment', 66, 'wow...керемет екен', '2026-05-16 15:32:22'),
(45, 'like', 58, NULL, '2026-05-16 15:35:58'),
(17, 'comment', 45, 'Тамаша пост!!! 😍😍😍', '2026-05-16 15:50:41'),
(107, 'view', 55, NULL, '2026-05-16 16:25:05'),
(93, 'view', 37, NULL, '2026-05-16 16:25:59'),
(19, 'view', 0, NULL, '2026-05-16 16:30:56'),
(61, 'view', 59, NULL, '2026-05-16 16:44:51'),
(114, 'share', 30, NULL, '2026-05-16 16:49:15'),
(53, 'view', 10, NULL, '2026-05-16 16:52:59'),
(86, 'like', 0, NULL, '2026-05-16 16:55:00'),
(105, 'like', 79, NULL, '2026-05-16 17:03:00'),
(52, 'comment', 36, 'осы дұрыс емес сияқты', '2026-05-16 17:43:56'),
(48, 'comment', 0, 'Рахмет, пайдалы ақпарат)))', '2026-05-16 18:16:17'),
(60, 'view', 23, NULL, '2026-05-16 18:20:42'),
(20, 'view', 15, NULL, '2026-05-16 18:57:29'),
(116, 'like', 25, NULL, '2026-05-16 18:59:21'),
(117, 'share', 75, NULL, '2026-05-16 19:05:25'),
(86, 'share', 1, NULL, '2026-05-16 19:18:33'),
(120, 'comment', 61, 'Қызық жазылған', '2026-05-16 19:55:50'),
(70, 'view', 54, NULL, '2026-05-16 20:26:46'),
(49, 'view', 64, NULL, '2026-05-16 20:46:21'),
(64, 'view', 19, NULL, '2026-05-16 20:46:53'),
(16, 'comment', 2, 'Рахмет, пайдалы ақпарат)))', '2026-05-16 20:47:54'),
(92, 'like', 63, NULL, '2026-05-16 20:57:03'),
(70, 'like', 62, NULL, '2026-05-16 21:55:46'),
(110, 'like', 78, NULL, '2026-05-16 22:18:59'),
(88, 'share', 70, NULL, '2026-05-16 22:46:15'),
(75, 'view', 38, NULL, '2026-05-16 22:49:42'),
(87, 'view', 29, NULL, '2026-05-16 23:08:09'),
(2, 'like', 4, NULL, '2026-05-16 23:57:59'),
(50, 'view', 30, NULL, '2026-05-17 00:14:57'),
(86, 'comment', 35, 'Қызық жазылған', '2026-05-17 00:25:35'),
(26, 'view', 33, NULL, '2026-05-17 02:34:33'),
(49, 'like', 73, NULL, '2026-05-17 05:10:38'),
(105, 'comment', 62, 'Рахмет, пайдалы ақпарат)))', '2026-05-17 05:13:24'),
(107, 'comment', 21, 'Қызық жазылған', '2026-05-17 05:33:34'),
(2, 'comment', 4, 'осы дұрыс емес сияқты', '2026-05-17 06:03:49'),
(23, 'like', 25, NULL, '2026-05-17 07:25:36'),
(64, 'like', 1, NULL, '2026-05-17 08:02:25'),
(51, 'like', 9, NULL, '2026-05-17 09:27:26'),
(9, 'like', 30, NULL, '2026-05-17 09:38:36'),
(86, 'view', 37, NULL, '2026-05-17 10:23:48'),
(51, 'like', 57, NULL, '2026-05-17 11:04:40'),
(13, 'view', 27, NULL, '2026-05-17 11:21:09'),
(32, 'comment', 36, 'Қызық жазылған', '2026-05-17 11:50:49'),
(15, 'comment', 31, 'Тамаша пост!!! 😍😍😍', '2026-05-17 13:20:11'),
(35, 'share', 4, NULL, '2026-05-17 14:01:31'),
(100, 'view', 79, NULL, '2026-05-17 14:20:29'),
(70, 'view', 28, NULL, '2026-05-17 14:40:57'),
(39, 'comment', 48, 'wow...керемет екен', '2026-05-17 14:42:56'),
(1, 'view', 32, NULL, '2026-05-17 14:54:23'),
(104, 'like', 71, NULL, '2026-05-17 14:58:57'),
(11, 'like', 0, NULL, '2026-05-17 15:20:40'),
(69, 'view', 72, NULL, '2026-05-17 16:06:16'),
(34, 'view', 7, NULL, '2026-05-17 16:18:26'),
(10, 'like', 73, NULL, '2026-05-17 16:22:15'),
(35, 'view', 65, NULL, '2026-05-17 17:32:09'),
(112, 'view', 58, NULL, '2026-05-17 18:04:06'),
(88, 'view', 17, NULL, '2026-05-17 18:31:07'),
(62, 'like', 77, NULL, '2026-05-17 18:37:50'),
(71, 'view', 60, NULL, '2026-05-17 18:46:45'),
(102, 'comment', 5, 'Тамаша пост!!! 😍😍😍', '2026-05-17 18:50:54'),
(28, 'comment', 71, 'Қызық жазылған', '2026-05-17 18:57:35'),
(42, 'view', 17, NULL, '2026-05-17 19:15:38'),
(74, 'view', 48, NULL, '2026-05-17 19:29:30'),
(62, 'comment', 75, 'Рахмет, пайдалы ақпарат)))', '2026-05-17 19:47:06'),
(96, 'like', 72, NULL, '2026-05-17 19:48:59'),
(87, 'like', 55, NULL, '2026-05-17 19:57:09'),
(116, 'share', 61, NULL, '2026-05-17 20:04:04'),
(71, 'view', 80, NULL, '2026-05-17 20:15:27'),
(25, 'view', 63, NULL, '2026-05-17 20:19:33'),
(54, 'like', 11, NULL, '2026-05-17 20:25:39'),
(117, 'view', 66, NULL, '2026-05-17 20:46:36'),
(71, 'like', 69, NULL, '2026-05-17 21:12:12'),
(23, 'comment', 45, 'wow...керемет екен', '2026-05-17 21:29:54'),
(18, 'share', 0, NULL, '2026-05-17 21:53:10'),
(88, 'like', 73, NULL, '2026-05-17 21:56:43'),
(65, 'view', 0, NULL, '2026-05-17 22:05:13'),
(116, 'view', 31, NULL, '2026-05-17 22:10:52'),
(89, 'share', 76, NULL, '2026-05-17 22:50:53'),
(87, 'view', 46, NULL, '2026-05-17 23:58:13'),
(44, 'like', 24, NULL, '2026-05-18 00:29:49'),
(76, 'comment', 64, 'wow...керемет екен', '2026-05-18 01:33:15'),
(37, 'comment', 5, 'Тамаша пост!!! 😍😍😍', '2026-05-18 02:06:45'),
(68, 'comment', 15, 'wow...керемет екен', '2026-05-18 03:06:26'),
(37, 'comment', 66, 'Рахмет, пайдалы ақпарат)))', '2026-05-18 03:08:14'),
(38, 'view', 69, NULL, '2026-05-18 05:55:45'),
(32, 'comment', 43, 'Қызық жазылған', '2026-05-18 06:39:23'),
(82, 'like', 57, NULL, '2026-05-18 07:03:20'),
(64, 'comment', 53, 'Қызық жазылған', '2026-05-18 08:19:26'),
(43, 'like', 2, NULL, '2026-05-18 08:41:39'),
(9, 'like', 69, NULL, '2026-05-18 08:43:39'),
(17, 'like', 47, NULL, '2026-05-18 09:19:53'),
(91, 'like', 34, NULL, '2026-05-18 09:48:00'),
(120, 'view', 79, NULL, '2026-05-18 10:09:28'),
(35, 'like', 34, NULL, '2026-05-18 10:50:31'),
(57, 'view', 21, NULL, '2026-05-18 10:59:03'),
(104, 'comment', 1, 'wow...керемет екен', '2026-05-18 11:10:52'),
(8, 'view', 53, NULL, '2026-05-18 12:16:06'),
(1, 'share', 25, NULL, '2026-05-18 12:26:46'),
(66, 'view', 14, NULL, '2026-05-18 12:34:22'),
(23, 'share', 1, NULL, '2026-05-18 12:45:49'),
(62, 'view', 30, NULL, '2026-05-18 13:15:09'),
(41, 'view', 28, NULL, '2026-05-18 13:34:28'),
(2, 'like', 70, NULL, '2026-05-18 14:33:25'),
(105, 'view', 19, NULL, '2026-05-18 15:05:52'),
(51, 'comment', 76, 'Қызық жазылған', '2026-05-18 15:56:45'),
(119, 'like', 48, NULL, '2026-05-18 16:21:26'),
(120, 'comment', 27, 'осы дұрыс емес сияқты', '2026-05-18 16:52:54'),
(59, 'like', 53, NULL, '2026-05-18 18:30:21'),
(38, 'like', 45, NULL, '2026-05-18 18:30:25'),
(90, 'comment', 49, 'Рахмет, пайдалы ақпарат)))', '2026-05-18 18:36:25'),
(42, 'view', 49, NULL, '2026-05-18 19:14:27'),
(26, 'like', 37, NULL, '2026-05-18 19:36:43'),
(5, 'like', 37, NULL, '2026-05-18 19:40:48'),
(111, 'like', 8, NULL, '2026-05-18 20:15:14'),
(3, 'like', 23, NULL, '2026-05-18 20:22:00'),
(77, 'comment', 45, 'Рахмет, пайдалы ақпарат)))', '2026-05-18 20:34:31'),
(111, 'like', 0, NULL, '2026-05-18 20:45:18'),
(103, 'like', 63, NULL, '2026-05-18 20:49:39'),
(82, 'like', 7, NULL, '2026-05-18 20:59:31'),
(21, 'like', 26, NULL, '2026-05-18 21:01:41'),
(97, 'share', 32, NULL, '2026-05-18 21:21:39'),
(38, 'view', 1, NULL, '2026-05-18 21:35:21'),
(101, 'like', 28, NULL, '2026-05-18 21:37:03'),
(44, 'view', 77, NULL, '2026-05-18 21:58:34'),
(60, 'like', 56, NULL, '2026-05-18 23:50:28'),
(44, 'comment', 11, 'Тамаша пост!!! 😍😍😍', '2026-05-18 23:54:35'),
(53, 'like', 49, NULL, '2026-05-19 00:58:41'),
(29, 'comment', 63, 'Тамаша пост!!! 😍😍😍', '2026-05-19 02:54:13'),
(109, 'like', 17, NULL, '2026-05-19 03:04:54'),
(55, 'share', 0, NULL, '2026-05-19 03:10:31'),
(60, 'view', 0, NULL, '2026-05-19 05:34:09'),
(54, 'share', 6, NULL, '2026-05-19 05:55:38'),
(90, 'like', 36, NULL, '2026-05-19 06:03:19'),
(102, 'view', 35, NULL, '2026-05-19 07:22:36'),
(35, 'like', 50, NULL, '2026-05-19 08:03:41'),
(86, 'view', 24, NULL, '2026-05-19 08:29:37'),
(32, 'like', 37, NULL, '2026-05-19 08:56:32'),
(4, 'share', 33, NULL, '2026-05-19 08:59:28'),
(105, 'view', 72, NULL, '2026-05-19 09:00:03'),
(100, 'like', 37, NULL, '2026-05-19 09:36:09'),
(34, 'like', 80, NULL, '2026-05-19 09:36:49'),
(31, 'view', 19, NULL, '2026-05-19 09:57:51'),
(16, 'view', 55, NULL, '2026-05-19 10:24:16'),
(11, 'view', 13, NULL, '2026-05-19 10:43:20'),
(107, 'like', 49, NULL, '2026-05-19 10:50:44'),
(71, 'like', 3, NULL, '2026-05-19 10:56:14'),
(111, 'like', 26, NULL, '2026-05-19 11:36:52'),
(110, 'like', 61, NULL, '2026-05-19 11:59:37'),
(44, 'view', 13, NULL, '2026-05-19 12:09:03'),
(37, 'comment', 47, 'wow...керемет екен', '2026-05-19 12:32:10'),
(27, 'comment', 27, 'осы дұрыс емес сияқты', '2026-05-19 13:15:09'),
(58, 'share', 11, NULL, '2026-05-19 13:30:37'),
(79, 'like', 54, NULL, '2026-05-19 14:08:15'),
(18, 'like', 54, NULL, '2026-05-19 14:08:50'),
(101, 'view', 49, NULL, '2026-05-19 14:33:05'),
(104, 'view', 61, NULL, '2026-05-19 14:38:53'),
(112, 'share', 51, NULL, '2026-05-19 14:50:45'),
(108, 'like', 10, NULL, '2026-05-19 15:12:40'),
(61, 'like', 53, NULL, '2026-05-19 15:19:17'),
(12, 'like', 16, NULL, '2026-05-19 15:27:52'),
(53, 'share', 23, NULL, '2026-05-19 15:42:47'),
(53, 'comment', 34, 'Тамаша пост!!! 😍😍😍', '2026-05-19 15:48:11'),
(22, 'share', 44, NULL, '2026-05-19 16:07:53'),
(30, 'like', 43, NULL, '2026-05-19 16:44:35'),
(81, 'like', 6, NULL, '2026-05-19 16:50:04'),
(22, 'view', 45, NULL, '2026-05-19 17:46:38'),
(13, 'view', 66, NULL, '2026-05-19 18:10:08'),
(28, 'like', 39, NULL, '2026-05-19 18:18:17'),
(15, 'like', 64, NULL, '2026-05-19 18:22:22'),
(26, 'view', 58, NULL, '2026-05-19 18:43:40'),
(87, 'like', 65, NULL, '2026-05-19 19:07:44'),
(55, 'share', 22, NULL, '2026-05-19 19:24:37'),
(9, 'like', 32, NULL, '2026-05-19 19:50:15'),
(35, 'like', 43, NULL, '2026-05-19 19:52:19');

INSERT INTO Activities (user_id, action_type, post_id, comment_text, activity_timestamp) VALUES
(26, 'view', 37, NULL, '2026-05-19 19:58:19'),
(111, 'view', 73, NULL, '2026-05-19 21:01:42'),
(107, 'like', 63, NULL, '2026-05-19 21:39:16'),
(65, 'like', 67, NULL, '2026-05-19 21:39:23'),
(69, 'comment', 80, 'Қызық жазылған', '2026-05-19 21:46:51'),
(16, 'comment', 31, 'Рахмет, пайдалы ақпарат)))', '2026-05-19 22:04:43'),
(22, 'like', 80, NULL, '2026-05-19 22:11:48'),
(58, 'like', 5, NULL, '2026-05-19 22:23:24'),
(67, 'view', 0, NULL, '2026-05-19 22:28:17'),
(81, 'view', 66, NULL, '2026-05-19 22:31:36'),
(86, 'view', 52, NULL, '2026-05-19 22:31:39'),
(39, 'comment', 69, 'Қызық жазылған', '2026-05-19 22:39:50'),
(1, 'like', 43, NULL, '2026-05-19 22:40:46'),
(40, 'comment', 61, 'Қызық жазылған', '2026-05-19 23:06:56'),
(119, 'comment', 44, 'Тамаша пост!!! 😍😍😍', '2026-05-19 23:30:19'),
(119, 'like', 40, NULL, '2026-05-19 23:40:50'),
(34, 'like', 35, NULL, '2026-05-19 23:51:56'),
(61, 'view', 66, NULL, '2026-05-20 00:05:22'),
(24, 'like', 0, NULL, '2026-05-20 04:02:30'),
(32, 'like', 41, NULL, '2026-05-20 06:57:07'),
(23, 'like', 80, NULL, '2026-05-20 07:19:23'),
(24, 'view', 55, NULL, '2026-05-20 07:54:03'),
(40, 'like', 75, NULL, '2026-05-20 08:27:52'),
(104, 'comment', 80, 'Рахмет, пайдалы ақпарат)))', '2026-05-20 09:20:54'),
(8, 'view', 49, NULL, '2026-05-20 09:22:36'),
(7, 'like', 38, NULL, '2026-05-20 09:44:24'),
(23, 'view', 1, NULL, '2026-05-20 09:44:32'),
(5, 'view', 9, NULL, '2026-05-20 09:46:29'),
(98, 'share', 39, NULL, '2026-05-20 09:48:52'),
(25, 'comment', 36, 'Қызық жазылған', '2026-05-20 10:23:56'),
(92, 'view', 55, NULL, '2026-05-20 10:25:05'),
(114, 'like', 27, NULL, '2026-05-20 10:59:36'),
(81, 'view', 55, NULL, '2026-05-20 11:10:39'),
(29, 'view', 69, NULL, '2026-05-20 11:29:47'),
(27, 'like', 4, NULL, '2026-05-20 13:17:32'),
(19, 'comment', 3, 'wow...керемет екен', '2026-05-20 13:33:44'),
(39, 'comment', 1, 'Рахмет, пайдалы ақпарат)))', '2026-05-20 14:13:11'),
(24, 'like', 7, NULL, '2026-05-20 14:31:40'),
(59, 'comment', 39, 'Рахмет, пайдалы ақпарат)))', '2026-05-20 14:49:33'),
(29, 'like', 55, NULL, '2026-05-20 14:54:15'),
(41, 'comment', 39, 'Рахмет, пайдалы ақпарат)))', '2026-05-20 15:06:44'),
(24, 'share', 26, NULL, '2026-05-20 15:09:54'),
(36, 'view', 73, NULL, '2026-05-20 15:20:25'),
(1, 'like', 73, NULL, '2026-05-20 15:23:27'),
(10, 'view', 0, NULL, '2026-05-20 15:26:15'),
(97, 'view', 49, NULL, '2026-05-20 16:33:03'),
(40, 'comment', 61, 'wow...керемет екен', '2026-05-20 16:48:55'),
(54, 'like', 63, NULL, '2026-05-20 16:51:36'),
(8, 'like', 29, NULL, '2026-05-20 17:00:08'),
(47, 'like', 53, NULL, '2026-05-20 17:12:46'),
(7, 'share', 52, NULL, '2026-05-20 17:48:56'),
(77, 'like', 15, NULL, '2026-05-20 18:07:19'),
(33, 'view', 39, NULL, '2026-05-20 18:20:52'),
(89, 'view', 11, NULL, '2026-05-20 18:33:46'),
(69, 'view', 31, NULL, '2026-05-20 18:39:31'),
(18, 'view', 64, NULL, '2026-05-20 18:48:00'),
(118, 'like', 15, NULL, '2026-05-20 19:03:17'),
(5, 'view', 22, NULL, '2026-05-20 19:33:44'),
(97, 'like', 57, NULL, '2026-05-20 19:33:57'),
(69, 'like', 35, NULL, '2026-05-20 19:39:03'),
(112, 'like', 76, NULL, '2026-05-20 19:47:03'),
(101, 'view', 47, NULL, '2026-05-20 20:00:17'),
(72, 'like', 51, NULL, '2026-05-20 20:09:01'),
(90, 'view', 33, NULL, '2026-05-20 20:10:58'),
(21, 'share', 65, NULL, '2026-05-20 20:31:35'),
(36, 'like', 20, NULL, '2026-05-20 20:40:51'),
(52, 'view', 74, NULL, '2026-05-20 20:44:34'),
(35, 'like', 41, NULL, '2026-05-20 21:20:31'),
(23, 'comment', 12, 'wow...керемет екен', '2026-05-20 21:22:38'),
(96, 'share', 73, NULL, '2026-05-20 21:30:44'),
(78, 'like', 0, NULL, '2026-05-20 22:21:03'),
(28, 'like', 0, NULL, '2026-05-20 23:26:53'),
(89, 'view', 19, NULL, '2026-05-21 00:00:09'),
(34, 'like', 43, NULL, '2026-05-21 02:52:57'),
(64, 'view', 40, NULL, '2026-05-21 06:16:27'),
(91, 'like', 74, NULL, '2026-05-21 06:20:21'),
(94, 'comment', 40, 'Рахмет, пайдалы ақпарат)))', '2026-05-21 07:15:39'),
(108, 'share', 46, NULL, '2026-05-21 07:31:17'),
(48, 'view', 42, NULL, '2026-05-21 08:04:26'),
(10, 'view', 12, NULL, '2026-05-21 08:08:31'),
(71, 'like', 56, NULL, '2026-05-21 08:28:56'),
(96, 'comment', 32, 'Тамаша пост!!! 😍😍😍', '2026-05-21 08:48:06'),
(91, 'view', 55, NULL, '2026-05-21 09:23:16'),
(68, 'like', 75, NULL, '2026-05-21 09:30:47'),
(102, 'like', 57, NULL, '2026-05-21 09:38:32'),
(79, 'like', 57, NULL, '2026-05-21 09:57:54'),
(20, 'comment', 58, 'Рахмет, пайдалы ақпарат)))', '2026-05-21 10:57:36'),
(102, 'like', 58, NULL, '2026-05-21 11:21:58'),
(85, 'view', 48, NULL, '2026-05-21 12:31:03'),
(38, 'like', 28, NULL, '2026-05-21 13:25:31'),
(48, 'like', 34, NULL, '2026-05-21 14:38:00'),
(106, 'like', 57, NULL, '2026-05-21 15:29:02'),
(99, 'view', 8, NULL, '2026-05-21 15:30:45'),
(64, 'like', 29, NULL, '2026-05-21 15:39:51'),
(80, 'comment', 45, 'Тамаша пост!!! 😍😍😍', '2026-05-21 15:58:26'),
(112, 'like', 46, NULL, '2026-05-21 16:20:55'),
(90, 'comment', 66, 'осы дұрыс емес сияқты', '2026-05-21 17:11:08'),
(110, 'share', 72, NULL, '2026-05-21 17:30:25'),
(88, 'like', 58, NULL, '2026-05-21 17:47:05'),
(45, 'like', 36, NULL, '2026-05-21 17:58:03'),
(75, 'comment', 48, 'wow...керемет екен', '2026-05-21 18:26:26'),
(74, 'view', 29, NULL, '2026-05-21 18:30:01'),
(1, 'view', 23, NULL, '2026-05-21 18:37:45'),
(89, 'view', 52, NULL, '2026-05-21 19:01:42'),
(4, 'comment', 68, 'Қызық жазылған', '2026-05-21 19:06:21'),
(92, 'view', 58, NULL, '2026-05-21 19:13:05'),
(107, 'comment', 65, 'Рахмет, пайдалы ақпарат)))', '2026-05-21 19:20:14'),
(7, 'view', 36, NULL, '2026-05-21 19:30:27'),
(63, 'view', 60, NULL, '2026-05-21 19:38:18'),
(56, 'view', 50, NULL, '2026-05-21 19:38:22'),
(81, 'like', 26, NULL, '2026-05-21 19:49:01'),
(61, 'like', 49, NULL, '2026-05-21 19:56:18'),
(4, 'share', 0, NULL, '2026-05-21 20:20:51'),
(69, 'like', 60, NULL, '2026-05-21 20:22:28'),
(22, 'like', 66, NULL, '2026-05-21 20:23:01'),
(38, 'like', 16, NULL, '2026-05-21 20:46:23'),
(92, 'like', 0, NULL, '2026-05-21 20:49:47'),
(15, 'view', 43, NULL, '2026-05-21 21:07:00'),
(61, 'like', 11, NULL, '2026-05-21 21:27:47'),
(73, 'like', 11, NULL, '2026-05-21 21:30:30'),
(49, 'view', 9, NULL, '2026-05-21 21:36:02'),
(37, 'comment', 71, 'Қызық жазылған', '2026-05-21 21:38:08'),
(91, 'like', 54, NULL, '2026-05-21 21:45:26'),
(37, 'like', 43, NULL, '2026-05-21 21:47:03'),
(101, 'view', 21, NULL, '2026-05-21 21:51:22'),
(85, 'like', 2, NULL, '2026-05-21 21:52:39'),
(32, 'like', 76, NULL, '2026-05-21 22:13:10'),
(47, 'view', 24, NULL, '2026-05-21 22:35:45'),
(111, 'view', 52, NULL, '2026-05-21 22:46:22'),
(45, 'view', 69, NULL, '2026-05-21 22:49:07'),
(112, 'like', 0, NULL, '2026-05-21 22:49:53'),
(79, 'comment', 15, 'Рахмет, пайдалы ақпарат)))', '2026-05-21 23:12:03'),
(82, 'view', 55, NULL, '2026-05-21 23:13:41'),
(30, 'view', 63, NULL, '2026-05-21 23:16:50'),
(69, 'like', 4, NULL, '2026-05-21 23:18:09'),
(45, 'like', 39, NULL, '2026-05-21 23:32:28'),
(6, 'like', 42, NULL, '2026-05-21 23:34:39'),
(90, 'like', 71, NULL, '2026-05-22 00:27:34'),
(62, 'comment', 19, 'wow...керемет екен', '2026-05-22 01:28:51'),
(112, 'comment', 62, 'Рахмет, пайдалы ақпарат)))', '2026-05-22 02:20:42'),
(58, 'view', 41, NULL, '2026-05-22 02:39:02'),
(111, 'comment', 67, 'Тамаша пост!!! 😍😍😍', '2026-05-22 02:54:43'),
(88, 'like', 38, NULL, '2026-05-22 04:36:02'),
(16, 'view', 59, NULL, '2026-05-22 04:51:46'),
(29, 'comment', 51, 'Қызық жазылған', '2026-05-22 07:55:12'),
(103, 'like', 70, NULL, '2026-05-22 08:39:17'),
(49, 'like', 68, NULL, '2026-05-22 09:01:27'),
(77, 'view', 21, NULL, '2026-05-22 09:11:37'),
(46, 'view', 53, NULL, '2026-05-22 09:31:20'),
(84, 'comment', 9, 'осы дұрыс емес сияқты', '2026-05-22 09:33:41'),
(107, 'like', 74, NULL, '2026-05-22 09:41:17'),
(48, 'view', 54, NULL, '2026-05-22 09:47:22'),
(118, 'like', 25, NULL, '2026-05-22 10:32:15'),
(61, 'view', 17, NULL, '2026-05-22 10:55:16'),
(72, 'comment', 41, 'Рахмет, пайдалы ақпарат)))', '2026-05-22 11:17:53'),
(45, 'view', 20, NULL, '2026-05-22 11:24:18'),
(27, 'view', 2, NULL, '2026-05-22 11:34:37'),
(48, 'view', 40, NULL, '2026-05-22 13:13:05'),
(46, 'view', 20, NULL, '2026-05-22 13:15:08'),
(68, 'comment', 67, 'Қызық жазылған', '2026-05-22 13:38:55'),
(113, 'like', 66, NULL, '2026-05-22 14:15:42'),
(14, 'like', 71, NULL, '2026-05-22 14:18:38'),
(104, 'view', 11, NULL, '2026-05-22 14:30:38'),
(35, 'view', 8, NULL, '2026-05-22 14:38:24'),
(12, 'like', 80, NULL, '2026-05-22 15:21:28'),
(113, 'like', 28, NULL, '2026-05-22 15:45:55'),
(40, 'view', 50, NULL, '2026-05-22 16:10:00'),
(70, 'view', 5, NULL, '2026-05-22 16:41:42'),
(89, 'view', 72, NULL, '2026-05-22 16:55:09'),
(16, 'view', 25, NULL, '2026-05-22 17:11:56'),
(18, 'view', 27, NULL, '2026-05-22 18:11:06'),
(63, 'view', 64, NULL, '2026-05-22 18:24:28'),
(96, 'view', 57, NULL, '2026-05-22 18:45:30'),
(83, 'share', 34, NULL, '2026-05-22 18:47:17'),
(75, 'view', 30, NULL, '2026-05-22 19:08:45'),
(57, 'like', 36, NULL, '2026-05-22 19:16:33'),
(6, 'share', 73, NULL, '2026-05-22 19:25:34'),
(41, 'view', 51, NULL, '2026-05-22 19:33:49'),
(16, 'view', 23, NULL, '2026-05-22 19:41:52'),
(109, 'comment', 49, 'осы дұрыс емес сияқты', '2026-05-22 20:10:30'),
(85, 'share', 26, NULL, '2026-05-22 20:21:17'),
(53, 'like', 39, NULL, '2026-05-22 20:23:40'),
(112, 'like', 3, NULL, '2026-05-22 20:24:20'),
(110, 'like', 24, NULL, '2026-05-22 20:27:55'),
(88, 'view', 14, NULL, '2026-05-22 20:37:17'),
(107, 'view', 50, NULL, '2026-05-22 20:50:12'),
(114, 'view', 53, NULL, '2026-05-22 20:51:35'),
(85, 'like', 27, NULL, '2026-05-22 21:01:09'),
(51, 'view', 52, NULL, '2026-05-22 21:20:38'),
(4, 'view', 22, NULL, '2026-05-22 21:27:05'),
(55, 'share', 70, NULL, '2026-05-22 21:27:21'),
(77, 'like', 53, NULL, '2026-05-22 22:08:11'),
(108, 'like', 68, NULL, '2026-05-22 22:13:43'),
(25, 'like', 60, NULL, '2026-05-22 22:17:47'),
(70, 'comment', 69, 'Рахмет, пайдалы ақпарат)))', '2026-05-22 22:21:39'),
(114, 'share', 36, NULL, '2026-05-22 22:44:30'),
(87, 'view', 25, NULL, '2026-05-22 22:51:02'),
(12, 'comment', 70, 'Тамаша пост!!! 😍😍😍', '2026-05-22 22:56:56'),
(100, 'like', 15, NULL, '2026-05-22 23:19:59'),
(99, 'comment', 37, 'Тамаша пост!!! 😍😍😍', '2026-05-23 00:55:24'),
(94, 'view', 59, NULL, '2026-05-23 01:36:53'),
(21, 'view', 41, NULL, '2026-05-23 01:59:00'),
(61, 'like', 31, NULL, '2026-05-23 03:37:00'),
(89, 'like', 48, NULL, '2026-05-23 04:29:58'),
(34, 'share', 11, NULL, '2026-05-23 05:56:27'),
(48, 'view', 33, NULL, '2026-05-23 06:50:23'),
(84, 'comment', 53, 'Тамаша пост!!! 😍😍😍', '2026-05-23 07:05:44'),
(80, 'comment', 73, 'Тамаша пост!!! 😍😍😍', '2026-05-23 09:10:51'),
(41, 'like', 47, NULL, '2026-05-23 09:28:23'),
(39, 'comment', 32, 'Қызық жазылған', '2026-05-23 09:57:29'),
(95, 'like', 3, NULL, '2026-05-23 10:44:29'),
(120, 'comment', 67, 'Қызық жазылған', '2026-05-23 11:09:53'),
(18, 'share', 61, NULL, '2026-05-23 11:21:50'),
(72, 'like', 61, NULL, '2026-05-23 12:24:04'),
(20, 'view', 66, NULL, '2026-05-23 13:38:12'),
(53, 'comment', 57, 'wow...керемет екен', '2026-05-23 14:17:01'),
(61, 'like', 39, NULL, '2026-05-23 15:14:51'),
(97, 'view', 64, NULL, '2026-05-23 15:34:27'),
(11, 'share', 48, NULL, '2026-05-23 16:25:53'),
(101, 'like', 24, NULL, '2026-05-23 16:27:51'),
(107, 'view', 18, NULL, '2026-05-23 16:47:07'),
(107, 'like', 58, NULL, '2026-05-23 17:39:25'),
(15, 'view', 65, NULL, '2026-05-23 17:40:39'),
(89, 'view', 70, NULL, '2026-05-23 17:44:33'),
(71, 'like', 44, NULL, '2026-05-23 17:48:49'),
(42, 'like', 47, NULL, '2026-05-23 17:49:28'),
(38, 'share', 69, NULL, '2026-05-23 18:01:02'),
(86, 'view', 6, NULL, '2026-05-23 18:38:07'),
(83, 'like', 16, NULL, '2026-05-23 18:39:16'),
(3, 'view', 31, NULL, '2026-05-23 19:14:08'),
(59, 'comment', 79, 'Қызық жазылған', '2026-05-23 19:35:11'),
(118, 'view', 55, NULL, '2026-05-23 19:38:00'),
(71, 'view', 0, NULL, '2026-05-23 19:41:26'),
(115, 'comment', 5, 'осы дұрыс емес сияқты', '2026-05-23 19:46:11'),
(68, 'view', 61, NULL, '2026-05-23 19:54:00'),
(16, 'like', 46, NULL, '2026-05-23 20:02:22'),
(119, 'like', 39, NULL, '2026-05-23 20:05:10'),
(105, 'like', 25, NULL, '2026-05-23 20:25:00'),
(7, 'comment', 79, 'Қызық жазылған', '2026-05-23 20:38:29'),
(25, 'like', 45, NULL, '2026-05-23 20:47:15'),
(96, 'like', 18, NULL, '2026-05-23 20:56:29'),
(76, 'like', 49, NULL, '2026-05-23 20:57:13'),
(21, 'view', 36, NULL, '2026-05-23 21:16:48'),
(105, 'view', 71, NULL, '2026-05-23 21:33:41'),
(58, 'view', 1, NULL, '2026-05-23 21:34:57'),
(2, 'view', 70, NULL, '2026-05-23 21:53:00'),
(83, 'like', 64, NULL, '2026-05-23 22:06:30'),
(2, 'like', 24, NULL, '2026-05-23 22:35:38'),
(100, 'like', 30, NULL, '2026-05-23 23:13:12'),
(88, 'like', 26, NULL, '2026-05-23 23:19:53'),
(37, 'comment', 12, 'Рахмет, пайдалы ақпарат)))', '2026-05-23 23:24:23'),
(69, 'comment', 74, 'Қызық жазылған', '2026-05-24 00:21:51'),
(55, 'like', 41, NULL, '2026-05-24 01:53:54'),
(69, 'like', 0, NULL, '2026-05-24 03:35:13'),
(101, 'like', 6, NULL, '2026-05-24 05:23:19'),
(29, 'view', 40, NULL, '2026-05-24 05:37:03'),
(111, 'comment', 32, 'wow...керемет екен', '2026-05-24 06:17:58'),
(113, 'like', 56, NULL, '2026-05-24 06:19:21'),
(92, 'like', 49, NULL, '2026-05-24 06:54:57'),
(22, 'like', 3, NULL, '2026-05-24 07:37:13'),
(95, 'like', 10, NULL, '2026-05-24 07:53:05'),
(94, 'like', 67, NULL, '2026-05-24 08:08:18'),
(78, 'like', 72, NULL, '2026-05-24 08:23:28'),
(52, 'view', 40, NULL, '2026-05-24 09:22:07'),
(27, 'view', 75, NULL, '2026-05-24 09:35:24'),
(95, 'comment', 8, 'Рахмет, пайдалы ақпарат)))', '2026-05-24 09:42:58'),
(43, 'like', 29, NULL, '2026-05-24 10:14:30'),
(35, 'share', 25, NULL, '2026-05-24 10:27:02'),
(29, 'comment', 52, 'Қызық жазылған', '2026-05-24 12:10:46'),
(75, 'view', 35, NULL, '2026-05-24 13:22:44'),
(63, 'comment', 19, 'Тамаша пост!!! 😍😍😍', '2026-05-24 14:08:39'),
(70, 'view', 54, NULL, '2026-05-24 14:12:21'),
(87, 'comment', 70, 'Тамаша пост!!! 😍😍😍', '2026-05-24 14:39:40'),
(93, 'view', 64, NULL, '2026-05-24 14:49:53'),
(71, 'comment', 79, 'осы дұрыс емес сияқты', '2026-05-24 15:50:15'),
(77, 'comment', 49, 'wow...керемет екен', '2026-05-24 16:08:15'),
(40, 'like', 18, NULL, '2026-05-24 16:17:00'),
(37, 'like', 0, NULL, '2026-05-24 16:52:17'),
(20, 'comment', 3, 'Қызық жазылған', '2026-05-24 17:22:03'),
(9, 'view', 75, NULL, '2026-05-24 18:27:11'),
(28, 'view', 25, NULL, '2026-05-24 18:58:42'),
(21, 'comment', 6, 'осы дұрыс емес сияқты', '2026-05-24 19:20:56'),
(65, 'like', 52, NULL, '2026-05-24 20:01:19'),
(116, 'like', 16, NULL, '2026-05-24 20:35:29'),
(117, 'comment', 36, 'осы дұрыс емес сияқты', '2026-05-24 20:44:01'),
(108, 'view', 56, NULL, '2026-05-24 20:48:20'),
(9, 'view', 67, NULL, '2026-05-24 21:17:59'),
(65, 'view', 23, NULL, '2026-05-24 21:20:28'),
(9, 'view', 46, NULL, '2026-05-24 21:23:13'),
(7, 'comment', 71, 'wow...керемет екен', '2026-05-24 21:55:20'),
(109, 'like', 77, NULL, '2026-05-24 22:26:52'),
(77, 'comment', 58, 'Тамаша пост!!! 😍😍😍', '2026-05-24 22:48:05'),
(1, 'view', 5, NULL, '2026-05-24 22:54:39'),
(20, 'like', 12, NULL, '2026-05-24 23:23:47'),
(36, 'comment', 73, 'осы дұрыс емес сияқты', '2026-05-24 23:55:46'),
(119, 'comment', 6, 'Тамаша пост!!! 😍😍😍', '2026-05-25 01:05:41'),
(117, 'comment', 10, 'Қызық жазылған', '2026-05-25 01:41:02'),
(100, 'view', 43, NULL, '2026-05-25 02:15:25'),
(45, 'like', 39, NULL, '2026-05-25 04:28:25'),
(9, 'like', 31, NULL, '2026-05-25 04:56:05'),
(97, 'view', 4, NULL, '2026-05-25 06:45:30'),
(85, 'view', 54, NULL, '2026-05-25 07:16:17'),
(48, 'share', 22, NULL, '2026-05-25 07:50:51'),
(44, 'like', 42, NULL, '2026-05-25 08:16:39'),
(95, 'comment', 16, 'Тамаша пост!!! 😍😍😍', '2026-05-25 08:39:04'),
(35, 'like', 26, NULL, '2026-05-25 09:01:30'),
(65, 'like', 31, NULL, '2026-05-25 09:02:31'),
(120, 'like', 50, NULL, '2026-05-25 09:29:32'),
(24, 'view', 18, NULL, '2026-05-25 09:43:58'),
(68, 'comment', 63, 'Рахмет, пайдалы ақпарат)))', '2026-05-25 10:11:03'),
(89, 'like', 1, NULL, '2026-05-25 10:26:47'),
(50, 'share', 30, NULL, '2026-05-25 10:52:09'),
(40, 'like', 0, NULL, '2026-05-25 11:06:07'),
(120, 'view', 0, NULL, '2026-05-25 11:12:47'),
(6, 'comment', 8, 'wow...керемет екен', '2026-05-25 12:04:27'),
(41, 'view', 53, NULL, '2026-05-25 13:31:42'),
(63, 'view', 74, NULL, '2026-05-25 13:52:04'),
(92, 'view', 31, NULL, '2026-05-25 14:23:36'),
(104, 'view', 58, NULL, '2026-05-25 14:28:50'),
(109, 'like', 26, NULL, '2026-05-25 14:54:42'),
(3, 'like', 25, NULL, '2026-05-25 15:01:29'),
(58, 'view', 54, NULL, '2026-05-25 17:23:27'),
(81, 'view', 0, NULL, '2026-05-25 17:24:10'),
(12, 'like', 53, NULL, '2026-05-25 17:31:17'),
(49, 'comment', 11, 'wow...керемет екен', '2026-05-25 17:32:34'),
(27, 'like', 37, NULL, '2026-05-25 17:47:33'),
(109, 'like', 41, NULL, '2026-05-25 17:51:24'),
(43, 'view', 42, NULL, '2026-05-25 18:12:45'),
(29, 'comment', 38, 'wow...керемет екен', '2026-05-25 18:14:01'),
(30, 'view', 59, NULL, '2026-05-25 18:38:05'),
(120, 'share', 1, NULL, '2026-05-25 19:01:02'),
(30, 'like', 2, NULL, '2026-05-25 19:04:39'),
(47, 'view', 13, NULL, '2026-05-25 19:07:25'),
(63, 'like', 14, NULL, '2026-05-25 19:24:09'),
(89, 'view', 18, NULL, '2026-05-25 19:39:36'),
(95, 'like', 75, NULL, '2026-05-25 20:14:44'),
(95, 'like', 20, NULL, '2026-05-25 20:22:50'),
(5, 'like', 47, NULL, '2026-05-25 20:37:10'),
(46, 'like', 11, NULL, '2026-05-25 21:06:04'),
(49, 'comment', 0, 'Рахмет, пайдалы ақпарат)))', '2026-05-25 21:13:24'),
(41, 'share', 2, NULL, '2026-05-25 21:15:50'),
(76, 'like', 73, NULL, '2026-05-25 21:34:57'),
(11, 'comment', 74, 'Рахмет, пайдалы ақпарат)))', '2026-05-25 21:43:14'),
(51, 'view', 13, NULL, '2026-05-25 21:46:59'),
(24, 'view', 63, NULL, '2026-05-25 22:09:48'),
(39, 'comment', 23, 'wow...керемет екен', '2026-05-25 23:45:19'),
(46, 'like', 76, NULL, '2026-05-26 01:58:06'),
(20, 'view', 56, NULL, '2026-05-26 02:24:16'),
(10, 'like', 37, NULL, '2026-05-26 02:27:03'),
(68, 'like', 76, NULL, '2026-05-26 05:34:18'),
(11, 'view', 1, NULL, '2026-05-26 06:01:13'),
(96, 'like', 76, NULL, '2026-05-26 06:28:36'),
(4, 'like', 61, NULL, '2026-05-26 07:13:39'),
(30, 'view', 63, NULL, '2026-05-26 08:18:12'),
(43, 'comment', 78, 'wow...керемет екен', '2026-05-26 08:18:24'),
(104, 'like', 79, NULL, '2026-05-26 08:37:13'),
(92, 'like', 46, NULL, '2026-05-26 08:46:28'),
(41, 'comment', 67, 'Қызық жазылған', '2026-05-26 08:59:17'),
(86, 'share', 77, NULL, '2026-05-26 09:04:55'),
(78, 'like', 68, NULL, '2026-05-26 09:44:24'),
(78, 'like', 69, NULL, '2026-05-26 10:01:11'),
(14, 'view', 46, NULL, '2026-05-26 10:33:05'),
(89, 'like', 20, NULL, '2026-05-26 10:44:13'),
(51, 'like', 28, NULL, '2026-05-26 11:01:11'),
(66, 'like', 80, NULL, '2026-05-26 12:19:44'),
(22, 'view', 49, NULL, '2026-05-26 12:25:39'),
(93, 'view', 39, NULL, '2026-05-26 12:41:41'),
(28, 'view', 64, NULL, '2026-05-26 14:29:18'),
(36, 'view', 26, NULL, '2026-05-26 14:42:33'),
(79, 'like', 0, NULL, '2026-05-26 15:27:30'),
(26, 'comment', 0, 'wow...керемет екен', '2026-05-26 15:41:38'),
(89, 'comment', 2, 'осы дұрыс емес сияқты', '2026-05-26 15:52:52'),
(114, 'share', 57, NULL, '2026-05-26 17:35:16'),
(112, 'share', 61, NULL, '2026-05-26 17:38:21'),
(83, 'share', 54, NULL, '2026-05-26 18:08:44'),
(42, 'view', 80, NULL, '2026-05-26 18:21:29'),
(12, 'comment', 32, 'wow...керемет екен', '2026-05-26 18:22:03'),
(80, 'like', 70, NULL, '2026-05-26 19:08:51'),
(111, 'view', 10, NULL, '2026-05-26 19:13:05'),
(111, 'comment', 26, 'wow...керемет екен', '2026-05-26 19:20:16'),
(83, 'like', 47, NULL, '2026-05-26 19:24:18'),
(43, 'share', 19, NULL, '2026-05-26 19:24:26'),
(70, 'view', 11, NULL, '2026-05-26 19:28:15'),
(108, 'like', 0, NULL, '2026-05-26 19:29:41'),
(70, 'like', 8, NULL, '2026-05-26 19:49:20'),
(101, 'like', 4, NULL, '2026-05-26 20:44:24'),
(93, 'like', 15, NULL, '2026-05-26 20:48:52'),
(5, 'like', 70, NULL, '2026-05-26 20:52:50'),
(3, 'comment', 41, 'Қызық жазылған', '2026-05-26 21:05:56'),
(90, 'share', 43, NULL, '2026-05-26 21:16:22'),
(5, 'like', 21, NULL, '2026-05-26 22:14:18'),
(10, 'view', 79, NULL, '2026-05-26 22:27:30'),
(14, 'like', 34, NULL, '2026-05-26 23:08:12'),
(8, 'like', 72, NULL, '2026-05-27 00:16:51'),
(107, 'share', 36, NULL, '2026-05-27 05:46:55'),
(73, 'share', 25, NULL, '2026-05-27 06:00:10'),
(20, 'like', 15, NULL, '2026-05-27 06:15:26'),
(88, 'comment', 63, 'осы дұрыс емес сияқты', '2026-05-27 08:44:35'),
(89, 'share', 0, NULL, '2026-05-27 08:52:58'),
(3, 'like', 22, NULL, '2026-05-27 09:16:08'),
(114, 'comment', 79, 'wow...керемет екен', '2026-05-27 09:19:36'),
(76, 'view', 7, NULL, '2026-05-27 09:21:32'),
(104, 'share', 60, NULL, '2026-05-27 09:24:23'),
(41, 'like', 17, NULL, '2026-05-27 09:40:55'),
(108, 'comment', 51, 'Тамаша пост!!! 😍😍😍', '2026-05-27 09:56:55'),
(9, 'view', 56, NULL, '2026-05-27 10:24:19'),
(71, 'like', 32, NULL, '2026-05-27 10:29:47'),
(120, 'view', 20, NULL, '2026-05-27 10:37:40'),
(104, 'like', 70, NULL, '2026-05-27 10:42:16'),
(102, 'like', 15, NULL, '2026-05-27 10:43:39'),
(64, 'like', 48, NULL, '2026-05-27 10:44:48'),
(93, 'like', 8, NULL, '2026-05-27 13:20:28'),
(44, 'like', 69, NULL, '2026-05-27 14:02:05'),
(2, 'like', 1, NULL, '2026-05-27 14:26:20'),
(78, 'like', 10, NULL, '2026-05-27 14:42:24'),
(57, 'view', 0, NULL, '2026-05-27 15:00:33'),
(17, 'like', 44, NULL, '2026-05-27 15:10:09'),
(95, 'like', 76, NULL, '2026-05-27 15:27:38'),
(71, 'share', 25, NULL, '2026-05-27 16:05:53'),
(69, 'share', 43, NULL, '2026-05-27 16:09:52'),
(106, 'like', 74, NULL, '2026-05-27 16:34:48'),
(90, 'comment', 11, 'Тамаша пост!!! 😍😍😍', '2026-05-27 17:07:27'),
(55, 'like', 6, NULL, '2026-05-27 17:13:38'),
(24, 'like', 33, NULL, '2026-05-27 19:24:33'),
(53, 'like', 78, NULL, '2026-05-27 19:33:47'),
(69, 'comment', 67, 'Қызық жазылған', '2026-05-27 19:37:45'),
(28, 'like', 66, NULL, '2026-05-27 20:07:49'),
(64, 'comment', 45, 'Рахмет, пайдалы ақпарат)))', '2026-05-27 20:23:08'),
(79, 'view', 0, NULL, '2026-05-27 20:28:58'),
(27, 'like', 68, NULL, '2026-05-27 20:53:23'),
(30, 'like', 7, NULL, '2026-05-27 21:16:55'),
(69, 'like', 50, NULL, '2026-05-27 21:54:29'),
(25, 'comment', 42, 'осы дұрыс емес сияқты', '2026-05-27 22:11:38'),
(14, 'like', 79, NULL, '2026-05-27 22:27:15'),
(16, 'like', 59, NULL, '2026-05-27 22:55:42'),
(51, 'like', 43, NULL, '2026-05-28 01:07:46'),
(8, 'like', 53, NULL, '2026-05-28 01:52:55'),
(24, 'comment', 49, 'Қызық жазылған', '2026-05-28 05:00:31'),
(110, 'like', 57, NULL, '2026-05-28 06:47:28'),
(105, 'like', 13, NULL, '2026-05-28 07:27:02'),
(97, 'like', 16, NULL, '2026-05-28 09:19:59'),
(59, 'like', 28, NULL, '2026-05-28 09:37:52'),
(90, 'comment', 0, 'осы дұрыс емес сияқты', '2026-05-28 09:44:42'),
(42, 'like', 8, NULL, '2026-05-28 10:33:19'),
(59, 'comment', 51, 'Тамаша пост!!! 😍😍😍', '2026-05-28 10:55:16'),
(28, 'comment', 75, 'осы дұрыс емес сияқты', '2026-05-28 11:09:27'),
(101, 'comment', 60, 'Тамаша пост!!! 😍😍😍', '2026-05-28 12:08:44'),
(109, 'like', 75, NULL, '2026-05-28 13:06:27'),
(65, 'view', 44, NULL, '2026-05-28 13:49:34'),
(11, 'comment', 47, 'осы дұрыс емес сияқты', '2026-05-28 13:56:44'),
(78, 'view', 4, NULL, '2026-05-28 14:01:34'),
(67, 'view', 51, NULL, '2026-05-28 14:24:52'),
(100, 'comment', 5, 'осы дұрыс емес сияқты', '2026-05-28 15:00:25'),
(31, 'view', 30, NULL, '2026-05-28 15:10:58'),
(2, 'comment', 39, 'Тамаша пост!!! 😍😍😍', '2026-05-28 15:50:08'),
(52, 'view', 28, NULL, '2026-05-28 15:54:56'),
(21, 'view', 27, NULL, '2026-05-28 16:06:19'),
(86, 'view', 75, NULL, '2026-05-28 16:18:15'),
(21, 'like', 75, NULL, '2026-05-28 16:19:19'),
(60, 'view', 38, NULL, '2026-05-28 16:31:22'),
(12, 'comment', 79, 'wow...керемет екен', '2026-05-28 16:50:31'),
(12, 'like', 61, NULL, '2026-05-28 17:04:43'),
(11, 'like', 30, NULL, '2026-05-28 18:12:01'),
(18, 'comment', 59, 'wow...керемет екен', '2026-05-28 18:15:08'),
(57, 'like', 1, NULL, '2026-05-28 18:47:08'),
(46, 'like', 28, NULL, '2026-05-28 19:13:29'),
(19, 'comment', 1, 'Қызық жазылған', '2026-05-28 19:43:37'),
(73, 'share', 58, NULL, '2026-05-28 20:30:39'),
(108, 'like', 70, NULL, '2026-05-28 20:34:53'),
(47, 'view', 65, NULL, '2026-05-28 20:42:32'),
(77, 'comment', 13, 'wow...керемет екен', '2026-05-28 20:43:41'),
(94, 'share', 25, NULL, '2026-05-28 21:29:52'),
(53, 'like', 16, NULL, '2026-05-28 21:47:04'),
(100, 'like', 59, NULL, '2026-05-28 22:02:28'),
(106, 'like', 0, NULL, '2026-05-28 22:19:48'),
(114, 'comment', 52, 'осы дұрыс емес сияқты', '2026-05-28 22:44:50'),
(39, 'like', 23, NULL, '2026-05-28 22:51:09'),
(21, 'like', 48, NULL, '2026-05-28 23:54:40'),
(71, 'like', 4, NULL, '2026-05-29 00:05:59'),
(84, 'like', 26, NULL, '2026-05-29 01:52:40'),
(62, 'like', 17, NULL, '2026-05-29 04:58:06'),
(65, 'view', 28, NULL, '2026-05-29 06:11:40'),
(53, 'like', 54, NULL, '2026-05-29 06:33:05'),
(88, 'comment', 60, 'Рахмет, пайдалы ақпарат)))', '2026-05-29 07:15:23'),
(18, 'share', 72, NULL, '2026-05-29 08:20:44'),
(2, 'comment', 78, 'Рахмет, пайдалы ақпарат)))', '2026-05-29 08:30:18'),
(47, 'like', 22, NULL, '2026-05-29 08:33:37'),
(38, 'like', 56, NULL, '2026-05-29 09:01:56'),
(77, 'share', 67, NULL, '2026-05-29 09:14:00'),
(90, 'share', 11, NULL, '2026-05-29 09:18:31'),
(37, 'like', 78, NULL, '2026-05-29 10:16:20'),
(64, 'like', 69, NULL, '2026-05-29 10:17:42'),
(71, 'like', 46, NULL, '2026-05-29 10:45:06'),
(45, 'view', 76, NULL, '2026-05-29 11:43:30'),
(55, 'like', 10, NULL, '2026-05-29 11:51:40'),
(32, 'like', 31, NULL, '2026-05-29 12:13:15'),
(95, 'view', 39, NULL, '2026-05-29 12:19:16'),
(77, 'view', 27, NULL, '2026-05-29 12:24:36'),
(21, 'like', 12, NULL, '2026-05-29 12:46:27'),
(72, 'like', 54, NULL, '2026-05-29 13:01:15');

INSERT INTO Activities (user_id, action_type, post_id, comment_text, activity_timestamp) VALUES
(45, 'like', 57, NULL, '2026-05-29 13:26:47'),
(10, 'comment', 38, 'Рахмет, пайдалы ақпарат)))', '2026-05-29 14:20:55'),
(28, 'view', 33, NULL, '2026-05-29 14:35:58'),
(101, 'view', 65, NULL, '2026-05-29 14:50:40'),
(9, 'like', 33, NULL, '2026-05-29 15:17:02'),
(69, 'comment', 26, 'Қызық жазылған', '2026-05-29 15:23:01'),
(82, 'like', 51, NULL, '2026-05-29 15:46:21'),
(63, 'view', 80, NULL, '2026-05-29 15:54:28'),
(12, 'like', 9, NULL, '2026-05-29 16:00:20'),
(93, 'like', 19, NULL, '2026-05-29 16:13:18'),
(12, 'like', 48, NULL, '2026-05-29 16:31:06'),
(38, 'comment', 63, 'Рахмет, пайдалы ақпарат)))', '2026-05-29 17:13:23'),
(31, 'like', 20, NULL, '2026-05-29 17:23:57'),
(46, 'like', 69, NULL, '2026-05-29 17:24:26'),
(13, 'share', 75, NULL, '2026-05-29 17:25:13'),
(59, 'like', 31, NULL, '2026-05-29 18:02:26'),
(111, 'comment', 13, 'осы дұрыс емес сияқты', '2026-05-29 18:40:51'),
(81, 'view', 51, NULL, '2026-05-29 18:47:13'),
(40, 'comment', 21, 'осы дұрыс емес сияқты', '2026-05-29 18:49:04'),
(70, 'view', 22, NULL, '2026-05-29 18:50:23'),
(91, 'view', 40, NULL, '2026-05-29 18:56:51'),
(34, 'view', 27, NULL, '2026-05-29 18:59:22'),
(7, 'comment', 72, 'wow...керемет екен', '2026-05-29 19:23:42'),
(15, 'like', 23, NULL, '2026-05-29 19:44:50'),
(81, 'view', 19, NULL, '2026-05-29 20:02:11'),
(59, 'view', 74, NULL, '2026-05-29 20:07:57'),
(107, 'like', 44, NULL, '2026-05-29 20:09:22'),
(13, 'share', 5, NULL, '2026-05-29 20:10:46'),
(36, 'like', 46, NULL, '2026-05-29 20:24:11'),
(22, 'like', 40, NULL, '2026-05-29 20:36:04'),
(37, 'like', 41, NULL, '2026-05-29 20:54:15'),
(80, 'like', 64, NULL, '2026-05-29 21:17:58'),
(64, 'view', 27, NULL, '2026-05-29 21:29:11'),
(112, 'comment', 0, 'Тамаша пост!!! 😍😍😍', '2026-05-29 21:42:39'),
(40, 'like', 64, NULL, '2026-05-29 22:24:32'),
(5, 'comment', 20, 'Тамаша пост!!! 😍😍😍', '2026-05-29 22:48:42'),
(30, 'view', 73, NULL, '2026-05-29 22:55:10'),
(24, 'comment', 40, 'осы дұрыс емес сияқты', '2026-05-29 22:57:49'),
(17, 'like', 37, NULL, '2026-05-30 00:35:30'),
(67, 'like', 31, NULL, '2026-05-30 01:19:37'),
(109, 'like', 62, NULL, '2026-05-30 01:43:11'),
(47, 'view', 34, NULL, '2026-05-30 02:21:53'),
(40, 'like', 47, NULL, '2026-05-30 03:50:31'),
(91, 'like', 38, NULL, '2026-05-30 04:07:32'),
(65, 'like', 43, NULL, '2026-05-30 04:22:55'),
(39, 'like', 42, NULL, '2026-05-30 05:45:22'),
(19, 'view', 65, NULL, '2026-05-30 07:51:16'),
(41, 'like', 16, NULL, '2026-05-30 08:27:44'),
(28, 'like', 27, NULL, '2026-05-30 08:52:54'),
(94, 'view', 43, NULL, '2026-05-30 09:04:48'),
(30, 'view', 62, NULL, '2026-05-30 09:28:42'),
(64, 'view', 75, NULL, '2026-05-30 11:33:52'),
(112, 'share', 52, NULL, '2026-05-30 11:47:20'),
(118, 'view', 43, NULL, '2026-05-30 12:40:56'),
(30, 'view', 20, NULL, '2026-05-30 12:47:57'),
(119, 'share', 69, NULL, '2026-05-30 13:00:41'),
(20, 'view', 52, NULL, '2026-05-30 13:10:03'),
(36, 'comment', 22, 'Қызық жазылған', '2026-05-30 13:39:45'),
(36, 'like', 9, NULL, '2026-05-30 13:44:07'),
(46, 'view', 21, NULL, '2026-05-30 13:57:12'),
(63, 'comment', 21, 'Қызық жазылған', '2026-05-30 14:07:05'),
(103, 'like', 65, NULL, '2026-05-30 14:37:02'),
(32, 'like', 13, NULL, '2026-05-30 14:40:59'),
(46, 'view', 23, NULL, '2026-05-30 14:52:37'),
(4, 'share', 46, NULL, '2026-05-30 15:04:19'),
(117, 'like', 78, NULL, '2026-05-30 15:05:41'),
(45, 'comment', 69, 'осы дұрыс емес сияқты', '2026-05-30 15:09:06'),
(119, 'like', 30, NULL, '2026-05-30 15:21:50'),
(32, 'view', 76, NULL, '2026-05-30 15:44:04'),
(18, 'like', 70, NULL, '2026-05-30 15:45:54'),
(53, 'like', 43, NULL, '2026-05-30 15:46:33'),
(67, 'like', 58, NULL, '2026-05-30 17:50:41'),
(85, 'view', 72, NULL, '2026-05-30 18:00:26'),
(67, 'view', 57, NULL, '2026-05-30 18:16:27'),
(15, 'like', 19, NULL, '2026-05-30 18:19:24'),
(96, 'like', 4, NULL, '2026-05-30 18:25:54'),
(64, 'like', 74, NULL, '2026-05-30 18:30:44'),
(106, 'comment', 7, 'wow...керемет екен', '2026-05-30 18:39:02'),
(8, 'view', 1, NULL, '2026-05-30 19:03:57'),
(111, 'view', 37, NULL, '2026-05-30 19:14:41'),
(67, 'like', 70, NULL, '2026-05-30 19:44:22'),
(93, 'like', 29, NULL, '2026-05-30 19:47:03'),
(100, 'view', 17, NULL, '2026-05-30 20:01:27'),
(70, 'like', 77, NULL, '2026-05-30 20:06:55'),
(115, 'like', 22, NULL, '2026-05-30 20:17:20'),
(57, 'comment', 55, 'осы дұрыс емес сияқты', '2026-05-30 20:28:11'),
(14, 'like', 9, NULL, '2026-05-30 20:49:10'),
(100, 'like', 17, NULL, '2026-05-30 20:51:39'),
(107, 'comment', 78, 'Тамаша пост!!! 😍😍😍', '2026-05-30 21:23:01'),
(39, 'like', 40, NULL, '2026-05-30 21:35:02'),
(28, 'view', 0, NULL, '2026-05-30 21:41:55'),
(63, 'comment', 48, 'wow...керемет екен', '2026-05-30 22:36:12'),
(2, 'view', 22, NULL, '2026-05-30 22:36:34'),
(81, 'like', 36, NULL, '2026-05-30 22:54:25'),
(36, 'like', 64, NULL, '2026-05-30 23:11:19'),
(113, 'comment', 60, 'Тамаша пост!!! 😍😍😍', '2026-05-31 00:54:32'),
(66, 'view', 0, NULL, '2026-05-31 02:05:32'),
(95, 'like', 52, NULL, '2026-05-31 03:45:23'),
(16, 'like', 9, NULL, '2026-05-31 04:03:43'),
(102, 'view', 77, NULL, '2026-05-31 07:14:57'),
(11, 'view', 39, NULL, '2026-05-31 07:34:10'),
(47, 'comment', 3, 'осы дұрыс емес сияқты', '2026-05-31 08:03:18'),
(101, 'view', 19, NULL, '2026-05-31 08:07:07'),
(69, 'like', 42, NULL, '2026-05-31 08:32:44'),
(101, 'view', 62, NULL, '2026-05-31 09:01:59'),
(23, 'like', 21, NULL, '2026-05-31 10:30:32'),
(108, 'like', 38, NULL, '2026-05-31 11:03:05'),
(63, 'like', 13, NULL, '2026-05-31 11:05:43'),
(116, 'like', 72, NULL, '2026-05-31 11:28:35'),
(1, 'share', 58, NULL, '2026-05-31 12:27:28'),
(68, 'comment', 69, 'Тамаша пост!!! 😍😍😍', '2026-05-31 12:29:28'),
(79, 'share', 49, NULL, '2026-05-31 12:37:18'),
(53, 'comment', 52, 'Тамаша пост!!! 😍😍😍', '2026-05-31 13:34:58'),
(110, 'like', 68, NULL, '2026-05-31 13:50:10'),
(62, 'share', 47, NULL, '2026-05-31 14:28:24'),
(71, 'view', 73, NULL, '2026-05-31 14:48:28'),
(16, 'comment', 30, 'осы дұрыс емес сияқты', '2026-05-31 15:33:39'),
(83, 'share', 25, NULL, '2026-05-31 15:42:29'),
(100, 'comment', 27, 'Тамаша пост!!! 😍😍😍', '2026-05-31 15:44:21'),
(60, 'share', 17, NULL, '2026-05-31 15:55:32'),
(53, 'like', 18, NULL, '2026-05-31 16:04:32'),
(104, 'comment', 23, 'wow...керемет екен', '2026-05-31 16:26:54'),
(75, 'like', 32, NULL, '2026-05-31 16:41:04'),
(26, 'like', 21, NULL, '2026-05-31 16:54:31'),
(69, 'share', 58, NULL, '2026-05-31 17:01:16'),
(31, 'view', 70, NULL, '2026-05-31 17:21:12'),
(7, 'like', 29, NULL, '2026-05-31 17:31:54'),
(16, 'comment', 56, 'wow...керемет екен', '2026-05-31 17:40:21'),
(108, 'comment', 41, 'wow...керемет екен', '2026-05-31 17:45:31'),
(5, 'like', 30, NULL, '2026-05-31 17:49:30'),
(9, 'like', 57, NULL, '2026-05-31 17:57:43'),
(12, 'like', 33, NULL, '2026-05-31 17:59:12'),
(82, 'view', 42, NULL, '2026-05-31 18:26:41'),
(57, 'share', 79, NULL, '2026-05-31 18:48:52'),
(35, 'comment', 16, 'Тамаша пост!!! 😍😍😍', '2026-05-31 18:52:27'),
(60, 'comment', 6, 'Қызық жазылған', '2026-05-31 18:53:46'),
(33, 'like', 14, NULL, '2026-05-31 19:09:02'),
(99, 'view', 4, NULL, '2026-05-31 19:15:21'),
(26, 'like', 14, NULL, '2026-05-31 19:21:32'),
(28, 'like', 13, NULL, '2026-05-31 19:36:38'),
(8, 'like', 34, NULL, '2026-05-31 19:40:48'),
(80, 'like', 0, NULL, '2026-05-31 19:54:43'),
(35, 'like', 7, NULL, '2026-05-31 20:00:35'),
(48, 'share', 8, NULL, '2026-05-31 20:02:41'),
(5, 'like', 79, NULL, '2026-05-31 20:08:35'),
(72, 'comment', 13, 'Тамаша пост!!! 😍😍😍', '2026-05-31 21:05:19'),
(44, 'view', 72, NULL, '2026-05-31 21:36:38'),
(105, 'view', 59, NULL, '2026-05-31 22:03:27'),
(1, 'view', 33, NULL, '2026-05-31 22:48:11'),
(49, 'like', 24, NULL, '2026-05-31 23:11:01'),
(12, 'like', 74, NULL, '2026-05-31 23:21:30'),
(70, 'comment', 27, 'Рахмет, пайдалы ақпарат)))', '2026-05-31 23:58:32'),
(89, 'view', 22, NULL, '2026-06-01 04:42:03'),
(87, 'view', 76, NULL, '2026-06-01 05:38:16'),
(2, 'comment', 38, 'Рахмет, пайдалы ақпарат)))', '2026-06-01 05:51:46'),
(45, 'share', 74, NULL, '2026-06-01 06:34:14'),
(103, 'view', 33, NULL, '2026-06-01 06:53:53'),
(44, 'like', 28, NULL, '2026-06-01 07:14:44'),
(104, 'view', 42, NULL, '2026-06-01 08:09:45'),
(118, 'comment', 47, 'wow...керемет екен', '2026-06-01 08:15:03'),
(46, 'like', 11, NULL, '2026-06-01 08:20:23'),
(43, 'like', 25, NULL, '2026-06-01 08:34:16'),
(76, 'like', 8, NULL, '2026-06-01 08:37:54'),
(70, 'view', 75, NULL, '2026-06-01 09:07:27'),
(111, 'like', 9, NULL, '2026-06-01 09:07:45'),
(52, 'view', 61, NULL, '2026-06-01 09:50:34'),
(22, 'like', 68, NULL, '2026-06-01 10:03:45'),
(75, 'view', 67, NULL, '2026-06-01 10:11:11'),
(20, 'comment', 24, 'Тамаша пост!!! 😍😍😍', '2026-06-01 10:25:48'),
(25, 'like', 79, NULL, '2026-06-01 10:26:12'),
(114, 'like', 27, NULL, '2026-06-01 10:54:27'),
(44, 'like', 60, NULL, '2026-06-01 11:02:39'),
(77, 'share', 5, NULL, '2026-06-01 11:03:53'),
(88, 'like', 27, NULL, '2026-06-01 11:07:21'),
(79, 'share', 57, NULL, '2026-06-01 11:19:51'),
(85, 'like', 10, NULL, '2026-06-01 11:24:57'),
(68, 'view', 57, NULL, '2026-06-01 11:58:29'),
(115, 'comment', 70, 'Рахмет, пайдалы ақпарат)))', '2026-06-01 12:22:01'),
(13, 'share', 59, NULL, '2026-06-01 12:29:18'),
(40, 'like', 73, NULL, '2026-06-01 13:00:51'),
(5, 'share', 50, NULL, '2026-06-01 13:12:28'),
(90, 'view', 29, NULL, '2026-06-01 13:30:09'),
(70, 'like', 54, NULL, '2026-06-01 13:34:01'),
(29, 'like', 66, NULL, '2026-06-01 14:14:52'),
(4, 'view', 65, NULL, '2026-06-01 15:40:07'),
(17, 'view', 23, NULL, '2026-06-01 16:07:16'),
(7, 'share', 40, NULL, '2026-06-01 16:27:31'),
(1, 'like', 52, NULL, '2026-06-01 16:28:22'),
(32, 'like', 42, NULL, '2026-06-01 16:31:50'),
(46, 'view', 76, NULL, '2026-06-01 16:45:16'),
(118, 'like', 24, NULL, '2026-06-01 16:53:37'),
(68, 'comment', 60, 'осы дұрыс емес сияқты', '2026-06-01 17:21:48'),
(48, 'view', 13, NULL, '2026-06-01 17:47:28'),
(8, 'like', 57, NULL, '2026-06-01 18:12:49'),
(44, 'like', 46, NULL, '2026-06-01 18:33:10'),
(93, 'comment', 45, 'Рахмет, пайдалы ақпарат)))', '2026-06-01 18:33:32'),
(96, 'view', 64, NULL, '2026-06-01 19:12:02'),
(38, 'like', 38, NULL, '2026-06-01 19:13:16'),
(119, 'like', 9, NULL, '2026-06-01 19:43:02'),
(120, 'like', 45, NULL, '2026-06-01 19:45:53'),
(2, 'view', 46, NULL, '2026-06-01 19:48:26'),
(46, 'view', 45, NULL, '2026-06-01 19:50:04'),
(12, 'share', 3, NULL, '2026-06-01 20:10:18'),
(16, 'view', 31, NULL, '2026-06-01 20:44:27'),
(41, 'view', 52, NULL, '2026-06-01 20:51:01'),
(29, 'view', 76, NULL, '2026-06-01 20:56:10'),
(89, 'view', 58, NULL, '2026-06-01 21:17:50'),
(111, 'comment', 15, 'Рахмет, пайдалы ақпарат)))', '2026-06-01 21:21:41'),
(102, 'view', 68, NULL, '2026-06-01 21:24:15'),
(98, 'view', 15, NULL, '2026-06-01 22:15:48'),
(56, 'share', 71, NULL, '2026-06-01 22:17:13'),
(76, 'view', 0, NULL, '2026-06-01 22:21:44'),
(103, 'view', 29, NULL, '2026-06-01 22:28:23'),
(99, 'like', 69, NULL, '2026-06-01 22:38:00'),
(114, 'comment', 54, 'осы дұрыс емес сияқты', '2026-06-01 22:39:43'),
(64, 'view', 63, NULL, '2026-06-01 23:15:18'),
(76, 'view', 55, NULL, '2026-06-01 23:30:02'),
(20, 'like', 0, NULL, '2026-06-02 00:15:32'),
(117, 'view', 61, NULL, '2026-06-02 02:58:58'),
(63, 'share', 63, NULL, '2026-06-02 03:46:13'),
(68, 'view', 74, NULL, '2026-06-02 03:55:57'),
(2, 'view', 14, NULL, '2026-06-02 06:21:43'),
(5, 'share', 57, NULL, '2026-06-02 07:00:25'),
(25, 'like', 58, NULL, '2026-06-02 08:03:08'),
(50, 'view', 0, NULL, '2026-06-02 08:24:55'),
(84, 'share', 3, NULL, '2026-06-02 08:33:26'),
(26, 'share', 36, NULL, '2026-06-02 08:35:16'),
(78, 'comment', 26, 'Рахмет, пайдалы ақпарат)))', '2026-06-02 09:21:35'),
(16, 'view', 18, NULL, '2026-06-02 09:27:54'),
(43, 'view', 75, NULL, '2026-06-02 09:29:25'),
(89, 'view', 32, NULL, '2026-06-02 09:49:45'),
(11, 'like', 55, NULL, '2026-06-02 10:14:51'),
(85, 'share', 12, NULL, '2026-06-02 10:49:06'),
(3, 'comment', 44, 'Рахмет, пайдалы ақпарат)))', '2026-06-02 11:28:35'),
(111, 'like', 28, NULL, '2026-06-02 11:31:36'),
(70, 'view', 52, NULL, '2026-06-02 11:50:20'),
(107, 'comment', 47, 'wow...керемет екен', '2026-06-02 11:59:44'),
(55, 'like', 74, NULL, '2026-06-02 12:28:29'),
(119, 'comment', 28, 'Рахмет, пайдалы ақпарат)))', '2026-06-02 13:17:50'),
(91, 'comment', 12, 'Рахмет, пайдалы ақпарат)))', '2026-06-02 14:17:55'),
(16, 'comment', 56, 'осы дұрыс емес сияқты', '2026-06-02 14:19:58'),
(10, 'comment', 80, 'Қызық жазылған', '2026-06-02 15:32:18'),
(69, 'share', 64, NULL, '2026-06-02 15:46:17'),
(79, 'comment', 59, 'Тамаша пост!!! 😍😍😍', '2026-06-02 16:09:52'),
(69, 'share', 32, NULL, '2026-06-02 17:17:57'),
(59, 'like', 78, NULL, '2026-06-02 17:22:15'),
(90, 'view', 76, NULL, '2026-06-02 17:25:48'),
(9, 'like', 22, NULL, '2026-06-02 17:26:41'),
(68, 'view', 16, NULL, '2026-06-02 17:27:26'),
(40, 'like', 27, NULL, '2026-06-02 17:28:19'),
(21, 'comment', 21, 'Рахмет, пайдалы ақпарат)))', '2026-06-02 17:33:06'),
(22, 'view', 59, NULL, '2026-06-02 17:37:38'),
(101, 'view', 53, NULL, '2026-06-02 17:52:12'),
(44, 'like', 36, NULL, '2026-06-02 18:32:34'),
(105, 'view', 26, NULL, '2026-06-02 18:34:23'),
(51, 'view', 23, NULL, '2026-06-02 18:47:15'),
(114, 'like', 58, NULL, '2026-06-02 18:55:33'),
(82, 'like', 53, NULL, '2026-06-02 18:56:50'),
(47, 'like', 55, NULL, '2026-06-02 19:00:53'),
(101, 'view', 16, NULL, '2026-06-02 19:25:02'),
(64, 'share', 46, NULL, '2026-06-02 19:30:24'),
(117, 'comment', 53, 'Қызық жазылған', '2026-06-02 19:36:29'),
(9, 'share', 24, NULL, '2026-06-02 19:51:50'),
(5, 'comment', 56, 'осы дұрыс емес сияқты', '2026-06-02 20:14:06'),
(72, 'comment', 23, 'Тамаша пост!!! 😍😍😍', '2026-06-02 20:14:19'),
(85, 'comment', 43, 'Қызық жазылған', '2026-06-02 20:21:36'),
(70, 'comment', 53, 'Қызық жазылған', '2026-06-02 20:34:28'),
(1, 'comment', 31, 'осы дұрыс емес сияқты', '2026-06-02 20:34:45'),
(76, 'like', 29, NULL, '2026-06-02 20:41:06'),
(50, 'like', 54, NULL, '2026-06-02 21:07:56'),
(106, 'comment', 62, 'Тамаша пост!!! 😍😍😍', '2026-06-02 22:12:12'),
(8, 'share', 16, NULL, '2026-06-02 22:55:14'),
(24, 'view', 10, NULL, '2026-06-02 23:13:10'),
(74, 'like', 67, NULL, '2026-06-03 00:11:08'),
(39, 'comment', 75, 'Тамаша пост!!! 😍😍😍', '2026-06-03 01:22:37'),
(45, 'view', 0, NULL, '2026-06-03 02:21:17'),
(50, 'comment', 0, 'Рахмет, пайдалы ақпарат)))', '2026-06-03 04:19:50'),
(76, 'like', 77, NULL, '2026-06-03 04:46:26'),
(34, 'comment', 59, 'Қызық жазылған', '2026-06-03 06:41:56'),
(53, 'comment', 7, 'Тамаша пост!!! 😍😍😍', '2026-06-03 07:08:14'),
(14, 'view', 50, NULL, '2026-06-03 07:23:21'),
(76, 'view', 80, NULL, '2026-06-03 07:54:39'),
(102, 'like', 66, NULL, '2026-06-03 07:57:20'),
(70, 'view', 22, NULL, '2026-06-03 08:11:59'),
(88, 'like', 37, NULL, '2026-06-03 08:55:37'),
(64, 'view', 47, NULL, '2026-06-03 09:00:48'),
(35, 'like', 17, NULL, '2026-06-03 09:11:38'),
(93, 'view', 46, NULL, '2026-06-03 09:22:09'),
(84, 'like', 16, NULL, '2026-06-03 09:33:32'),
(37, 'view', 65, NULL, '2026-06-03 09:40:51'),
(98, 'comment', 49, 'Рахмет, пайдалы ақпарат)))', '2026-06-03 09:54:17'),
(87, 'like', 5, NULL, '2026-06-03 10:08:16'),
(67, 'like', 24, NULL, '2026-06-03 10:21:19'),
(55, 'comment', 33, 'Тамаша пост!!! 😍😍😍', '2026-06-03 10:31:05'),
(65, 'view', 12, NULL, '2026-06-03 10:46:57'),
(63, 'share', 0, NULL, '2026-06-03 12:24:13'),
(75, 'like', 20, NULL, '2026-06-03 12:31:51'),
(67, 'view', 14, NULL, '2026-06-03 12:46:45'),
(94, 'like', 41, NULL, '2026-06-03 13:27:23'),
(55, 'view', 64, NULL, '2026-06-03 14:02:02'),
(4, 'like', 75, NULL, '2026-06-03 14:19:36'),
(21, 'share', 65, NULL, '2026-06-03 14:42:41'),
(52, 'share', 25, NULL, '2026-06-03 15:01:01'),
(84, 'comment', 22, 'wow...керемет екен', '2026-06-03 15:06:47'),
(56, 'like', 29, NULL, '2026-06-03 16:00:50'),
(60, 'like', 43, NULL, '2026-06-03 16:28:38'),
(49, 'share', 6, NULL, '2026-06-03 16:57:40'),
(69, 'comment', 70, 'wow...керемет екен', '2026-06-03 17:35:04'),
(85, 'like', 65, NULL, '2026-06-03 17:43:12'),
(16, 'comment', 79, 'Рахмет, пайдалы ақпарат)))', '2026-06-03 17:44:17'),
(32, 'comment', 7, 'Тамаша пост!!! 😍😍😍', '2026-06-03 18:16:25'),
(3, 'comment', 55, 'осы дұрыс емес сияқты', '2026-06-03 18:49:51'),
(81, 'like', 34, NULL, '2026-06-03 18:52:41'),
(12, 'comment', 69, 'Тамаша пост!!! 😍😍😍', '2026-06-03 19:03:13'),
(115, 'like', 41, NULL, '2026-06-03 19:38:46'),
(100, 'comment', 38, 'Рахмет, пайдалы ақпарат)))', '2026-06-03 20:11:51'),
(118, 'like', 18, NULL, '2026-06-03 20:11:58'),
(62, 'like', 74, NULL, '2026-06-03 20:53:49'),
(2, 'comment', 32, 'Рахмет, пайдалы ақпарат)))', '2026-06-03 21:04:09'),
(13, 'like', 55, NULL, '2026-06-03 21:14:01'),
(21, 'comment', 31, 'Рахмет, пайдалы ақпарат)))', '2026-06-03 22:17:48'),
(80, 'comment', 10, 'Рахмет, пайдалы ақпарат)))', '2026-06-03 22:20:35'),
(109, 'like', 26, NULL, '2026-06-03 22:43:50'),
(87, 'like', 60, NULL, '2026-06-03 22:51:15'),
(81, 'like', 52, NULL, '2026-06-03 23:16:43'),
(81, 'view', 71, NULL, '2026-06-03 23:25:55'),
(119, 'like', 69, NULL, '2026-06-03 23:29:30'),
(41, 'comment', 76, 'Тамаша пост!!! 😍😍😍', '2026-06-03 23:33:41'),
(74, 'view', 80, NULL, '2026-06-04 00:34:22'),
(13, 'share', 19, NULL, '2026-06-04 00:36:49'),
(89, 'view', 11, NULL, '2026-06-04 01:20:33'),
(97, 'comment', 6, 'Қызық жазылған', '2026-06-04 02:07:08'),
(9, 'share', 3, NULL, '2026-06-04 03:27:25'),
(71, 'comment', 25, 'Тамаша пост!!! 😍😍😍', '2026-06-04 05:19:55'),
(3, 'comment', 45, 'Қызық жазылған', '2026-06-04 05:49:47'),
(19, 'comment', 68, 'Қызық жазылған', '2026-06-04 05:52:43'),
(105, 'comment', 20, 'Тамаша пост!!! 😍😍😍', '2026-06-04 06:13:55'),
(38, 'like', 58, NULL, '2026-06-04 06:32:06'),
(15, 'like', 18, NULL, '2026-06-04 08:11:41'),
(25, 'view', 52, NULL, '2026-06-04 08:35:35'),
(78, 'share', 49, NULL, '2026-06-04 09:30:12'),
(12, 'comment', 43, 'Қызық жазылған', '2026-06-04 09:42:13'),
(66, 'comment', 64, 'wow...керемет екен', '2026-06-04 09:53:02'),
(90, 'view', 79, NULL, '2026-06-04 10:20:20'),
(33, 'like', 61, NULL, '2026-06-04 12:19:06'),
(115, 'view', 41, NULL, '2026-06-04 12:31:51'),
(36, 'comment', 79, 'Қызық жазылған', '2026-06-04 12:53:49'),
(26, 'comment', 28, 'Рахмет, пайдалы ақпарат)))', '2026-06-04 12:56:13'),
(2, 'like', 0, NULL, '2026-06-04 13:04:49'),
(118, 'like', 0, NULL, '2026-06-04 14:42:57'),
(42, 'view', 61, NULL, '2026-06-04 15:21:01'),
(117, 'view', 12, NULL, '2026-06-04 15:39:27'),
(16, 'like', 38, NULL, '2026-06-04 16:01:59'),
(83, 'view', 17, NULL, '2026-06-04 16:24:08'),
(92, 'like', 31, NULL, '2026-06-04 17:00:07'),
(17, 'like', 2, NULL, '2026-06-04 17:07:13'),
(120, 'like', 1, NULL, '2026-06-04 17:29:45'),
(86, 'view', 36, NULL, '2026-06-04 17:33:12'),
(3, 'comment', 0, 'Қызық жазылған', '2026-06-04 17:55:29'),
(32, 'like', 5, NULL, '2026-06-04 18:13:24'),
(112, 'view', 68, NULL, '2026-06-04 18:18:20'),
(72, 'view', 31, NULL, '2026-06-04 18:19:07'),
(36, 'like', 20, NULL, '2026-06-04 18:25:43'),
(73, 'like', 6, NULL, '2026-06-04 19:44:26'),
(39, 'like', 25, NULL, '2026-06-04 19:55:10'),
(116, 'comment', 4, 'Тамаша пост!!! 😍😍😍', '2026-06-04 20:12:05'),
(83, 'view', 30, NULL, '2026-06-04 21:09:35'),
(23, 'view', 35, NULL, '2026-06-04 22:49:50'),
(63, 'share', 49, NULL, '2026-06-04 23:14:41'),
(84, 'view', 55, NULL, '2026-06-04 23:21:35'),
(76, 'view', 40, NULL, '2026-06-04 23:33:18'),
(26, 'comment', 37, 'осы дұрыс емес сияқты', '2026-06-04 23:50:53'),
(107, 'comment', 0, 'wow...керемет екен', '2026-06-05 00:29:07'),
(45, 'comment', 37, 'Қызық жазылған', '2026-06-05 00:38:57'),
(3, 'like', 59, NULL, '2026-06-05 00:57:06'),
(111, 'view', 3, NULL, '2026-06-05 02:38:12'),
(1, 'view', 0, NULL, '2026-06-05 03:16:19'),
(56, 'share', 1, NULL, '2026-06-05 05:10:33'),
(22, 'like', 32, NULL, '2026-06-05 07:34:48'),
(35, 'like', 45, NULL, '2026-06-05 07:38:09'),
(60, 'like', 60, NULL, '2026-06-05 07:51:26'),
(33, 'comment', 74, 'wow...керемет екен', '2026-06-05 08:03:23'),
(3, 'share', 58, NULL, '2026-06-05 08:09:27'),
(103, 'comment', 26, 'Тамаша пост!!! 😍😍😍', '2026-06-05 08:37:50'),
(42, 'view', 51, NULL, '2026-06-05 08:59:01'),
(18, 'comment', 3, 'Тамаша пост!!! 😍😍😍', '2026-06-05 09:11:17'),
(33, 'like', 57, NULL, '2026-06-05 09:27:01'),
(27, 'share', 30, NULL, '2026-06-05 09:51:27'),
(22, 'like', 14, NULL, '2026-06-05 09:52:49'),
(48, 'comment', 60, 'Тамаша пост!!! 😍😍😍', '2026-06-05 09:59:55'),
(89, 'like', 10, NULL, '2026-06-05 10:02:11'),
(66, 'view', 39, NULL, '2026-06-05 10:13:01'),
(12, 'like', 17, NULL, '2026-06-05 10:56:29'),
(97, 'view', 27, NULL, '2026-06-05 10:56:35'),
(66, 'share', 16, NULL, '2026-06-05 11:24:13'),
(27, 'like', 58, NULL, '2026-06-05 12:09:04'),
(50, 'comment', 78, 'осы дұрыс емес сияқты', '2026-06-05 12:11:49'),
(99, 'like', 57, NULL, '2026-06-05 12:45:09'),
(27, 'like', 58, NULL, '2026-06-05 12:58:18'),
(55, 'like', 53, NULL, '2026-06-05 13:05:05'),
(115, 'like', 32, NULL, '2026-06-05 13:30:58'),
(71, 'view', 4, NULL, '2026-06-05 13:52:40'),
(60, 'view', 29, NULL, '2026-06-05 14:08:54'),
(34, 'view', 3, NULL, '2026-06-05 14:19:18'),
(24, 'view', 5, NULL, '2026-06-05 14:23:40'),
(11, 'comment', 46, 'wow...керемет екен', '2026-06-05 14:53:38'),
(107, 'like', 75, NULL, '2026-06-05 15:05:18'),
(118, 'view', 70, NULL, '2026-06-05 15:11:18'),
(64, 'like', 9, NULL, '2026-06-05 15:13:47'),
(89, 'like', 11, NULL, '2026-06-05 15:29:33'),
(72, 'like', 67, NULL, '2026-06-05 15:29:37'),
(93, 'comment', 24, 'wow...керемет екен', '2026-06-05 17:03:34'),
(69, 'view', 79, NULL, '2026-06-05 17:10:01'),
(108, 'like', 0, NULL, '2026-06-05 17:45:48'),
(119, 'like', 27, NULL, '2026-06-05 18:25:52'),
(53, 'like', 0, NULL, '2026-06-05 18:35:46'),
(31, 'comment', 12, 'Тамаша пост!!! 😍😍😍', '2026-06-05 19:23:08'),
(34, 'view', 59, NULL, '2026-06-05 19:35:41'),
(60, 'view', 28, NULL, '2026-06-05 19:54:25'),
(78, 'view', 24, NULL, '2026-06-05 20:02:45'),
(27, 'comment', 32, 'Қызық жазылған', '2026-06-05 20:26:15'),
(6, 'view', 40, NULL, '2026-06-05 20:38:20'),
(2, 'view', 36, NULL, '2026-06-05 21:19:59'),
(64, 'like', 20, NULL, '2026-06-05 21:54:44'),
(98, 'view', 12, NULL, '2026-06-05 22:16:54'),
(70, 'like', 75, NULL, '2026-06-05 22:31:59'),
(77, 'like', 79, NULL, '2026-06-05 22:58:03'),
(74, 'comment', 34, 'Тамаша пост!!! 😍😍😍', '2026-06-05 23:27:11'),
(80, 'like', 40, NULL, '2026-06-05 23:54:24'),
(41, 'like', 24, NULL, '2026-06-05 23:54:25'),
(58, 'comment', 47, 'Тамаша пост!!! 😍😍😍', '2026-06-05 23:56:14'),
(48, 'like', 29, NULL, '2026-06-06 01:41:52'),
(28, 'view', 26, NULL, '2026-06-06 03:35:14'),
(116, 'like', 6, NULL, '2026-06-06 06:39:04'),
(3, 'like', 71, NULL, '2026-06-06 07:43:13'),
(74, 'view', 22, NULL, '2026-06-06 07:58:49'),
(108, 'share', 1, NULL, '2026-06-06 08:19:59'),
(106, 'view', 37, NULL, '2026-06-06 08:22:03'),
(32, 'like', 65, NULL, '2026-06-06 08:30:38'),
(101, 'like', 5, NULL, '2026-06-06 08:59:38'),
(5, 'comment', 74, 'Рахмет, пайдалы ақпарат)))', '2026-06-06 08:59:56'),
(112, 'view', 67, NULL, '2026-06-06 09:12:52'),
(51, 'view', 51, NULL, '2026-06-06 09:16:47'),
(83, 'view', 16, NULL, '2026-06-06 09:49:38'),
(56, 'share', 49, NULL, '2026-06-06 10:15:55'),
(52, 'like', 67, NULL, '2026-06-06 10:40:00'),
(116, 'like', 40, NULL, '2026-06-06 10:53:36'),
(111, 'view', 55, NULL, '2026-06-06 10:57:13'),
(48, 'like', 50, NULL, '2026-06-06 11:15:10'),
(16, 'like', 76, NULL, '2026-06-06 11:15:17'),
(107, 'comment', 52, 'Қызық жазылған', '2026-06-06 11:24:55'),
(100, 'like', 1, NULL, '2026-06-06 11:51:42'),
(84, 'like', 23, NULL, '2026-06-06 11:57:38'),
(67, 'like', 41, NULL, '2026-06-06 12:11:07'),
(23, 'comment', 0, 'Қызық жазылған', '2026-06-06 12:18:15'),
(4, 'view', 75, NULL, '2026-06-06 12:19:42'),
(56, 'like', 29, NULL, '2026-06-06 13:17:51'),
(83, 'comment', 37, 'wow...керемет екен', '2026-06-06 13:29:37'),
(22, 'share', 72, NULL, '2026-06-06 14:08:12'),
(111, 'view', 4, NULL, '2026-06-06 14:31:57'),
(14, 'view', 78, NULL, '2026-06-06 14:59:41'),
(52, 'comment', 28, 'осы дұрыс емес сияқты', '2026-06-06 15:17:26'),
(73, 'comment', 37, 'Рахмет, пайдалы ақпарат)))', '2026-06-06 16:07:08'),
(60, 'share', 41, NULL, '2026-06-06 16:42:05'),
(11, 'view', 53, NULL, '2026-06-06 16:50:16'),
(41, 'view', 44, NULL, '2026-06-06 17:12:07'),
(4, 'like', 36, NULL, '2026-06-06 17:23:26'),
(10, 'view', 46, NULL, '2026-06-06 17:33:17'),
(5, 'like', 73, NULL, '2026-06-06 18:47:26'),
(54, 'like', 64, NULL, '2026-06-06 19:05:04'),
(52, 'view', 50, NULL, '2026-06-06 19:14:57'),
(31, 'share', 30, NULL, '2026-06-06 19:35:52'),
(20, 'comment', 70, 'Тамаша пост!!! 😍😍😍', '2026-06-06 19:38:41'),
(52, 'like', 67, NULL, '2026-06-06 19:57:28'),
(11, 'comment', 54, 'wow...керемет екен', '2026-06-06 20:07:42'),
(110, 'comment', 16, 'Қызық жазылған', '2026-06-06 20:18:10'),
(50, 'share', 66, NULL, '2026-06-06 20:37:39'),
(24, 'view', 35, NULL, '2026-06-06 20:45:16'),
(80, 'comment', 0, 'Қызық жазылған', '2026-06-06 20:47:22'),
(76, 'like', 41, NULL, '2026-06-06 21:11:30'),
(11, 'comment', 69, 'wow...керемет екен', '2026-06-06 22:04:39'),
(49, 'share', 59, NULL, '2026-06-06 22:20:20'),
(114, 'like', 27, NULL, '2026-06-06 22:23:10'),
(49, 'view', 75, NULL, '2026-06-06 23:18:07'),
(37, 'like', 56, NULL, '2026-06-06 23:24:00'),
(106, 'view', 55, NULL, '2026-06-06 23:26:33'),
(112, 'view', 33, NULL, '2026-06-06 23:27:21'),
(36, 'view', 66, NULL, '2026-06-06 23:30:39'),
(50, 'like', 70, NULL, '2026-06-06 23:52:38'),
(5, 'view', 44, NULL, '2026-06-07 02:27:20'),
(27, 'like', 27, NULL, '2026-06-07 05:01:47'),
(57, 'share', 35, NULL, '2026-06-07 05:22:12'),
(37, 'like', 55, NULL, '2026-06-07 05:26:38'),
(74, 'view', 75, NULL, '2026-06-07 07:09:55'),
(66, 'share', 48, NULL, '2026-06-07 07:36:00'),
(36, 'like', 80, NULL, '2026-06-07 08:23:59'),
(100, 'like', 22, NULL, '2026-06-07 08:41:38'),
(10, 'comment', 68, 'Қызық жазылған', '2026-06-07 08:42:42'),
(110, 'comment', 56, 'Рахмет, пайдалы ақпарат)))', '2026-06-07 09:00:17'),
(15, 'comment', 0, 'Қызық жазылған', '2026-06-07 09:31:45');

INSERT INTO Activities (user_id, action_type, post_id, comment_text, activity_timestamp) VALUES
(100, 'like', 66, NULL, '2026-06-07 09:47:27'),
(27, 'like', 2, NULL, '2026-06-07 10:36:24'),
(9, 'view', 33, NULL, '2026-06-07 10:55:33'),
(115, 'share', 6, NULL, '2026-06-07 11:24:23'),
(89, 'comment', 49, 'осы дұрыс емес сияқты', '2026-06-07 12:11:20'),
(43, 'like', 47, NULL, '2026-06-07 12:28:02'),
(23, 'like', 17, NULL, '2026-06-07 12:31:45'),
(30, 'view', 62, NULL, '2026-06-07 13:02:35'),
(16, 'comment', 12, 'Қызық жазылған', '2026-06-07 13:11:06'),
(81, 'like', 48, NULL, '2026-06-07 13:12:04'),
(12, 'comment', 3, 'осы дұрыс емес сияқты', '2026-06-07 13:39:31'),
(47, 'view', 59, NULL, '2026-06-07 15:25:10'),
(13, 'comment', 33, 'Рахмет, пайдалы ақпарат)))', '2026-06-07 15:37:14'),
(102, 'view', 47, NULL, '2026-06-07 16:13:07'),
(100, 'like', 76, NULL, '2026-06-07 16:20:56'),
(29, 'view', 55, NULL, '2026-06-07 16:27:12'),
(59, 'like', 73, NULL, '2026-06-07 16:40:52'),
(73, 'like', 69, NULL, '2026-06-07 17:03:53'),
(91, 'comment', 42, 'Тамаша пост!!! 😍😍😍', '2026-06-07 17:20:19'),
(43, 'comment', 31, 'Қызық жазылған', '2026-06-07 18:13:26'),
(2, 'like', 72, NULL, '2026-06-07 18:27:14'),
(27, 'comment', 69, 'Қызық жазылған', '2026-06-07 19:24:15'),
(22, 'view', 10, NULL, '2026-06-07 19:27:00'),
(33, 'like', 54, NULL, '2026-06-07 19:35:47'),
(32, 'view', 46, NULL, '2026-06-07 19:44:22'),
(109, 'like', 17, NULL, '2026-06-07 19:59:43'),
(87, 'like', 34, NULL, '2026-06-07 20:02:40'),
(94, 'view', 80, NULL, '2026-06-07 20:03:35'),
(8, 'like', 11, NULL, '2026-06-07 20:21:29'),
(102, 'view', 51, NULL, '2026-06-07 20:25:39'),
(39, 'share', 3, NULL, '2026-06-07 20:32:35'),
(33, 'view', 24, NULL, '2026-06-07 20:51:15'),
(1, 'view', 11, NULL, '2026-06-07 21:01:19'),
(12, 'view', 0, NULL, '2026-06-07 21:09:37'),
(83, 'view', 3, NULL, '2026-06-07 21:17:51'),
(28, 'share', 32, NULL, '2026-06-07 21:34:37'),
(5, 'like', 62, NULL, '2026-06-07 22:13:12'),
(75, 'comment', 29, 'Рахмет, пайдалы ақпарат)))', '2026-06-07 22:23:03'),
(39, 'like', 23, NULL, '2026-06-07 23:23:16'),
(45, 'view', 18, NULL, '2026-06-08 04:30:59'),
(2, 'comment', 6, 'Қызық жазылған', '2026-06-08 05:51:21'),
(29, 'like', 41, NULL, '2026-06-08 06:00:47'),
(79, 'share', 61, NULL, '2026-06-08 06:24:54'),
(53, 'comment', 4, 'Рахмет, пайдалы ақпарат)))', '2026-06-08 06:53:48'),
(84, 'view', 69, NULL, '2026-06-08 07:59:42'),
(53, 'comment', 64, 'Тамаша пост!!! 😍😍😍', '2026-06-08 09:12:39'),
(29, 'like', 25, NULL, '2026-06-08 09:29:06'),
(96, 'view', 36, NULL, '2026-06-08 09:37:54'),
(97, 'view', 71, NULL, '2026-06-08 10:50:42'),
(30, 'share', 3, NULL, '2026-06-08 11:24:38'),
(115, 'like', 30, NULL, '2026-06-08 11:28:44'),
(65, 'like', 25, NULL, '2026-06-08 11:44:29'),
(92, 'view', 38, NULL, '2026-06-08 12:39:12'),
(119, 'like', 47, NULL, '2026-06-08 13:19:05'),
(120, 'like', 7, NULL, '2026-06-08 14:57:56'),
(74, 'like', 65, NULL, '2026-06-08 15:23:42'),
(37, 'share', 72, NULL, '2026-06-08 15:35:13'),
(21, 'like', 32, NULL, '2026-06-08 15:57:19'),
(18, 'view', 32, NULL, '2026-06-08 16:31:49'),
(104, 'comment', 36, 'Рахмет, пайдалы ақпарат)))', '2026-06-08 16:53:56'),
(22, 'like', 42, NULL, '2026-06-08 16:55:24'),
(36, 'share', 9, NULL, '2026-06-08 17:01:35'),
(35, 'view', 24, NULL, '2026-06-08 17:23:36'),
(77, 'view', 50, NULL, '2026-06-08 17:32:11'),
(4, 'view', 44, NULL, '2026-06-08 17:33:35'),
(57, 'view', 71, NULL, '2026-06-08 18:08:50'),
(46, 'share', 43, NULL, '2026-06-08 18:12:13'),
(37, 'view', 34, NULL, '2026-06-08 18:13:15'),
(103, 'comment', 54, 'осы дұрыс емес сияқты', '2026-06-08 18:46:39'),
(8, 'like', 0, NULL, '2026-06-08 18:49:03'),
(75, 'comment', 0, 'Қызық жазылған', '2026-06-08 19:17:07'),
(3, 'like', 21, NULL, '2026-06-08 19:35:15'),
(29, 'share', 21, NULL, '2026-06-08 19:41:06'),
(111, 'share', 41, NULL, '2026-06-08 19:57:50'),
(78, 'share', 1, NULL, '2026-06-08 20:03:16'),
(23, 'comment', 46, 'Рахмет, пайдалы ақпарат)))', '2026-06-08 20:04:38'),
(5, 'comment', 39, 'Тамаша пост!!! 😍😍😍', '2026-06-08 20:41:49'),
(9, 'like', 63, NULL, '2026-06-08 21:21:49'),
(52, 'like', 74, NULL, '2026-06-08 21:32:09'),
(87, 'share', 0, NULL, '2026-06-08 21:42:37'),
(98, 'like', 73, NULL, '2026-06-08 22:25:13'),
(8, 'like', 63, NULL, '2026-06-08 22:32:01'),
(89, 'like', 0, NULL, '2026-06-08 22:58:55'),
(116, 'like', 42, NULL, '2026-06-08 23:04:59'),
(50, 'share', 50, NULL, '2026-06-08 23:13:50'),
(42, 'view', 0, NULL, '2026-06-08 23:37:36'),
(45, 'view', 44, NULL, '2026-06-08 23:49:23'),
(96, 'like', 69, NULL, '2026-06-09 00:26:41'),
(79, 'comment', 50, 'Қызық жазылған', '2026-06-09 01:25:08'),
(54, 'comment', 6, 'Тамаша пост!!! 😍😍😍', '2026-06-09 04:18:14'),
(67, 'view', 72, NULL, '2026-06-09 05:51:28'),
(58, 'like', 37, NULL, '2026-06-09 06:19:55'),
(73, 'comment', 17, 'wow...керемет екен', '2026-06-09 07:12:15'),
(16, 'view', 6, NULL, '2026-06-09 08:01:56'),
(73, 'view', 32, NULL, '2026-06-09 08:22:36'),
(20, 'like', 41, NULL, '2026-06-09 09:09:18'),
(17, 'view', 11, NULL, '2026-06-09 10:40:09'),
(21, 'comment', 20, 'wow...керемет екен', '2026-06-09 10:56:59'),
(54, 'view', 39, NULL, '2026-06-09 11:26:03'),
(112, 'view', 29, NULL, '2026-06-09 11:51:58'),
(32, 'comment', 52, 'осы дұрыс емес сияқты', '2026-06-09 11:57:14'),
(47, 'view', 67, NULL, '2026-06-09 12:04:50'),
(17, 'view', 46, NULL, '2026-06-09 12:30:29'),
(51, 'share', 7, NULL, '2026-06-09 12:32:16'),
(64, 'view', 57, NULL, '2026-06-09 12:41:31'),
(47, 'comment', 13, 'Рахмет, пайдалы ақпарат)))', '2026-06-09 12:44:05'),
(39, 'comment', 15, 'Тамаша пост!!! 😍😍😍', '2026-06-09 12:47:34'),
(59, 'view', 64, NULL, '2026-06-09 13:10:39'),
(15, 'comment', 58, 'Қызық жазылған', '2026-06-09 13:18:31'),
(61, 'view', 13, NULL, '2026-06-09 14:06:35'),
(82, 'like', 57, NULL, '2026-06-09 14:07:10'),
(61, 'view', 43, NULL, '2026-06-09 15:13:25'),
(32, 'like', 34, NULL, '2026-06-09 15:19:30'),
(101, 'view', 47, NULL, '2026-06-09 15:19:39'),
(97, 'view', 23, NULL, '2026-06-09 15:25:51'),
(67, 'view', 6, NULL, '2026-06-09 15:35:16'),
(7, 'comment', 40, 'Рахмет, пайдалы ақпарат)))', '2026-06-09 15:37:15'),
(91, 'comment', 57, 'wow...керемет екен', '2026-06-09 15:55:13'),
(92, 'view', 58, NULL, '2026-06-09 16:33:17'),
(21, 'comment', 61, 'осы дұрыс емес сияқты', '2026-06-09 17:28:00'),
(112, 'view', 57, NULL, '2026-06-09 18:02:05'),
(101, 'like', 14, NULL, '2026-06-09 19:06:08'),
(65, 'view', 27, NULL, '2026-06-09 19:06:12'),
(107, 'like', 21, NULL, '2026-06-09 19:36:49'),
(19, 'view', 79, NULL, '2026-06-09 20:12:45'),
(88, 'like', 11, NULL, '2026-06-09 20:21:46'),
(111, 'like', 51, NULL, '2026-06-09 20:36:07'),
(33, 'like', 3, NULL, '2026-06-09 20:36:09'),
(29, 'comment', 43, 'осы дұрыс емес сияқты', '2026-06-09 20:41:03'),
(45, 'share', 22, NULL, '2026-06-09 21:14:56'),
(14, 'view', 7, NULL, '2026-06-09 21:15:18'),
(73, 'view', 24, NULL, '2026-06-09 21:29:02'),
(20, 'view', 65, NULL, '2026-06-09 21:32:37'),
(28, 'like', 62, NULL, '2026-06-09 21:38:22'),
(15, 'comment', 6, 'Тамаша пост!!! 😍😍😍', '2026-06-09 21:49:29'),
(56, 'share', 0, NULL, '2026-06-09 21:51:44'),
(90, 'like', 72, NULL, '2026-06-09 21:55:54'),
(64, 'view', 18, NULL, '2026-06-09 22:04:37'),
(105, 'like', 25, NULL, '2026-06-09 22:18:49'),
(3, 'like', 3, NULL, '2026-06-09 22:21:44'),
(26, 'like', 73, NULL, '2026-06-09 22:29:38'),
(65, 'like', 60, NULL, '2026-06-09 22:40:22'),
(56, 'comment', 55, 'Рахмет, пайдалы ақпарат)))', '2026-06-09 22:57:07'),
(99, 'view', 68, NULL, '2026-06-09 23:43:57'),
(106, 'comment', 67, 'Қызық жазылған', '2026-06-10 00:17:49'),
(96, 'like', 10, NULL, '2026-06-10 00:28:26'),
(113, 'view', 61, NULL, '2026-06-10 03:40:27'),
(37, 'comment', 32, 'осы дұрыс емес сияқты', '2026-06-10 04:52:26'),
(67, 'comment', 5, 'Рахмет, пайдалы ақпарат)))', '2026-06-10 06:48:23'),
(118, 'share', 24, NULL, '2026-06-10 07:09:20'),
(49, 'like', 35, NULL, '2026-06-10 07:25:34'),
(64, 'view', 53, NULL, '2026-06-10 07:35:56'),
(54, 'view', 39, NULL, '2026-06-10 07:45:29'),
(22, 'like', 58, NULL, '2026-06-10 08:00:04'),
(103, 'like', 73, NULL, '2026-06-10 08:29:38'),
(39, 'comment', 78, 'Тамаша пост!!! 😍😍😍', '2026-06-10 08:34:29'),
(20, 'share', 28, NULL, '2026-06-10 08:36:21'),
(113, 'view', 25, NULL, '2026-06-10 09:15:54'),
(39, 'comment', 44, 'Қызық жазылған', '2026-06-10 09:35:45'),
(75, 'comment', 79, 'осы дұрыс емес сияқты', '2026-06-10 09:35:53'),
(98, 'like', 40, NULL, '2026-06-10 09:49:55'),
(100, 'view', 17, NULL, '2026-06-10 09:53:38'),
(84, 'like', 13, NULL, '2026-06-10 10:04:39'),
(105, 'like', 57, NULL, '2026-06-10 10:19:44'),
(29, 'comment', 41, 'wow...керемет екен', '2026-06-10 10:20:44'),
(99, 'like', 79, NULL, '2026-06-10 10:40:30'),
(53, 'share', 66, NULL, '2026-06-10 12:12:01'),
(70, 'like', 30, NULL, '2026-06-10 13:02:36'),
(32, 'like', 30, NULL, '2026-06-10 13:08:48'),
(90, 'comment', 70, 'Тамаша пост!!! 😍😍😍', '2026-06-10 14:05:24'),
(94, 'view', 74, NULL, '2026-06-10 14:11:30'),
(100, 'comment', 29, 'Тамаша пост!!! 😍😍😍', '2026-06-10 14:44:03'),
(117, 'like', 32, NULL, '2026-06-10 14:45:10'),
(75, 'like', 7, NULL, '2026-06-10 15:02:57'),
(93, 'comment', 66, 'Тамаша пост!!! 😍😍😍', '2026-06-10 15:07:06'),
(69, 'comment', 76, 'wow...керемет екен', '2026-06-10 15:07:34'),
(36, 'view', 13, NULL, '2026-06-10 15:17:46'),
(53, 'like', 19, NULL, '2026-06-10 15:26:31'),
(83, 'like', 34, NULL, '2026-06-10 15:38:29'),
(114, 'like', 13, NULL, '2026-06-10 16:12:22'),
(86, 'like', 55, NULL, '2026-06-10 16:20:30'),
(99, 'comment', 0, 'осы дұрыс емес сияқты', '2026-06-10 16:32:07'),
(7, 'share', 0, NULL, '2026-06-10 16:47:19'),
(17, 'comment', 59, 'осы дұрыс емес сияқты', '2026-06-10 17:27:09'),
(28, 'like', 78, NULL, '2026-06-10 18:15:55'),
(74, 'view', 76, NULL, '2026-06-10 18:53:12'),
(82, 'view', 16, NULL, '2026-06-10 19:10:33'),
(35, 'share', 26, NULL, '2026-06-10 19:11:09'),
(54, 'comment', 71, 'wow...керемет екен', '2026-06-10 19:11:31'),
(113, 'view', 71, NULL, '2026-06-10 19:31:24'),
(53, 'comment', 58, 'Рахмет, пайдалы ақпарат)))', '2026-06-10 19:42:59'),
(91, 'comment', 39, 'Қызық жазылған', '2026-06-10 19:50:53'),
(74, 'view', 39, NULL, '2026-06-10 20:04:44'),
(67, 'like', 76, NULL, '2026-06-10 20:17:25'),
(96, 'comment', 56, 'Тамаша пост!!! 😍😍😍', '2026-06-10 20:19:20'),
(34, 'like', 70, NULL, '2026-06-10 20:36:38'),
(9, 'view', 7, NULL, '2026-06-10 20:39:34'),
(99, 'comment', 73, 'wow...керемет екен', '2026-06-10 20:54:06'),
(80, 'comment', 30, 'wow...керемет екен', '2026-06-10 21:05:03'),
(79, 'like', 67, NULL, '2026-06-10 21:05:57'),
(79, 'comment', 35, 'осы дұрыс емес сияқты', '2026-06-10 21:08:05'),
(29, 'comment', 27, 'Рахмет, пайдалы ақпарат)))', '2026-06-10 21:12:51'),
(15, 'like', 20, NULL, '2026-06-10 21:17:55'),
(115, 'comment', 74, 'Қызық жазылған', '2026-06-10 21:25:27'),
(89, 'view', 3, NULL, '2026-06-10 21:49:02'),
(13, 'like', 15, NULL, '2026-06-10 21:52:54'),
(104, 'like', 25, NULL, '2026-06-10 22:11:27'),
(67, 'like', 26, NULL, '2026-06-10 22:30:42'),
(13, 'like', 9, NULL, '2026-06-10 22:46:29'),
(61, 'like', 68, NULL, '2026-06-10 22:55:19'),
(91, 'like', 16, NULL, '2026-06-10 23:01:10'),
(18, 'comment', 24, 'осы дұрыс емес сияқты', '2026-06-11 02:20:50'),
(12, 'like', 30, NULL, '2026-06-11 03:05:40'),
(29, 'view', 72, NULL, '2026-06-11 04:38:42'),
(16, 'like', 55, NULL, '2026-06-11 04:42:01'),
(27, 'like', 70, NULL, '2026-06-11 04:49:47'),
(12, 'view', 69, NULL, '2026-06-11 05:47:20'),
(6, 'like', 69, NULL, '2026-06-11 06:40:15'),
(48, 'like', 24, NULL, '2026-06-11 07:27:07'),
(107, 'view', 12, NULL, '2026-06-11 07:41:39'),
(77, 'view', 28, NULL, '2026-06-11 08:00:20'),
(107, 'like', 52, NULL, '2026-06-11 08:00:40'),
(77, 'like', 55, NULL, '2026-06-11 08:26:22'),
(108, 'comment', 55, 'Рахмет, пайдалы ақпарат)))', '2026-06-11 08:34:53'),
(50, 'view', 78, NULL, '2026-06-11 08:53:47'),
(13, 'like', 29, NULL, '2026-06-11 09:18:48'),
(94, 'comment', 64, 'осы дұрыс емес сияқты', '2026-06-11 09:46:02'),
(19, 'like', 44, NULL, '2026-06-11 09:55:21'),
(113, 'like', 55, NULL, '2026-06-11 09:59:08'),
(27, 'view', 29, NULL, '2026-06-11 11:07:49'),
(21, 'comment', 80, 'Рахмет, пайдалы ақпарат)))', '2026-06-11 11:27:37'),
(9, 'like', 72, NULL, '2026-06-11 12:33:14'),
(63, 'like', 29, NULL, '2026-06-11 12:51:32'),
(96, 'like', 43, NULL, '2026-06-11 13:28:21'),
(13, 'view', 78, NULL, '2026-06-11 14:14:09'),
(15, 'comment', 36, 'Тамаша пост!!! 😍😍😍', '2026-06-11 14:28:36'),
(117, 'view', 5, NULL, '2026-06-11 15:04:42'),
(3, 'comment', 14, 'Рахмет, пайдалы ақпарат)))', '2026-06-11 15:38:08'),
(53, 'like', 0, NULL, '2026-06-11 16:02:33'),
(39, 'share', 40, NULL, '2026-06-11 16:26:40'),
(38, 'view', 20, NULL, '2026-06-11 17:02:14'),
(73, 'view', 39, NULL, '2026-06-11 17:06:05'),
(61, 'comment', 17, 'осы дұрыс емес сияқты', '2026-06-11 17:26:17'),
(64, 'like', 33, NULL, '2026-06-11 17:39:05'),
(108, 'like', 70, NULL, '2026-06-11 17:46:46'),
(6, 'view', 0, NULL, '2026-06-11 19:42:20'),
(75, 'view', 54, NULL, '2026-06-11 19:52:10'),
(110, 'view', 42, NULL, '2026-06-11 20:05:04'),
(59, 'comment', 77, 'Тамаша пост!!! 😍😍😍', '2026-06-11 20:56:15'),
(98, 'like', 15, NULL, '2026-06-11 20:59:02'),
(83, 'comment', 78, 'Рахмет, пайдалы ақпарат)))', '2026-06-11 21:05:29'),
(64, 'view', 42, NULL, '2026-06-11 21:32:44'),
(93, 'view', 43, NULL, '2026-06-11 21:48:55'),
(47, 'like', 16, NULL, '2026-06-11 22:04:32'),
(51, 'view', 72, NULL, '2026-06-11 22:45:18'),
(50, 'like', 22, NULL, '2026-06-11 22:56:31'),
(14, 'like', 0, NULL, '2026-06-11 23:05:04'),
(2, 'view', 61, NULL, '2026-06-11 23:08:29'),
(39, 'like', 26, NULL, '2026-06-11 23:16:10'),
(82, 'comment', 10, 'Тамаша пост!!! 😍😍😍', '2026-06-11 23:21:06'),
(16, 'comment', 58, 'wow...керемет екен', '2026-06-12 01:08:05'),
(97, 'comment', 2, 'осы дұрыс емес сияқты', '2026-06-12 01:21:25'),
(14, 'comment', 9, 'wow...керемет екен', '2026-06-12 03:06:04'),
(46, 'view', 17, NULL, '2026-06-12 04:19:50'),
(108, 'like', 71, NULL, '2026-06-12 05:39:36'),
(94, 'like', 74, NULL, '2026-06-12 05:59:30'),
(25, 'comment', 54, 'Тамаша пост!!! 😍😍😍', '2026-06-12 08:12:51'),
(104, 'like', 72, NULL, '2026-06-12 08:58:10'),
(8, 'view', 61, NULL, '2026-06-12 09:28:53'),
(66, 'share', 52, NULL, '2026-06-12 09:41:06'),
(42, 'view', 0, NULL, '2026-06-12 10:02:08'),
(7, 'view', 7, NULL, '2026-06-12 10:13:05'),
(27, 'view', 39, NULL, '2026-06-12 10:34:10'),
(103, 'comment', 58, 'Рахмет, пайдалы ақпарат)))', '2026-06-12 10:41:41'),
(104, 'share', 24, NULL, '2026-06-12 10:47:39'),
(89, 'like', 74, NULL, '2026-06-12 11:46:13'),
(117, 'view', 79, NULL, '2026-06-12 12:12:41'),
(67, 'view', 66, NULL, '2026-06-12 12:16:22'),
(83, 'like', 46, NULL, '2026-06-12 12:28:48'),
(62, 'view', 44, NULL, '2026-06-12 12:55:24'),
(8, 'like', 36, NULL, '2026-06-12 13:25:04'),
(29, 'like', 60, NULL, '2026-06-12 13:38:44'),
(2, 'view', 0, NULL, '2026-06-12 14:07:49'),
(91, 'comment', 19, 'Қызық жазылған', '2026-06-12 14:20:57'),
(10, 'comment', 16, 'wow...керемет екен', '2026-06-12 14:27:27'),
(11, 'like', 67, NULL, '2026-06-12 15:02:28'),
(88, 'view', 19, NULL, '2026-06-12 15:07:08'),
(90, 'comment', 4, 'осы дұрыс емес сияқты', '2026-06-12 15:16:38'),
(82, 'comment', 57, 'Рахмет, пайдалы ақпарат)))', '2026-06-12 15:19:53'),
(5, 'comment', 63, 'Тамаша пост!!! 😍😍😍', '2026-06-12 15:38:09'),
(94, 'like', 79, NULL, '2026-06-12 15:56:18'),
(54, 'like', 18, NULL, '2026-06-12 16:30:32'),
(59, 'like', 57, NULL, '2026-06-12 16:57:49'),
(107, 'like', 60, NULL, '2026-06-12 17:22:48'),
(59, 'like', 28, NULL, '2026-06-12 17:24:24'),
(45, 'like', 72, NULL, '2026-06-12 18:12:34'),
(38, 'like', 1, NULL, '2026-06-12 18:25:31'),
(33, 'share', 43, NULL, '2026-06-12 18:41:27'),
(21, 'comment', 1, 'Тамаша пост!!! 😍😍😍', '2026-06-12 18:53:25'),
(83, 'comment', 8, 'Қызық жазылған', '2026-06-12 19:47:10'),
(82, 'view', 24, NULL, '2026-06-12 19:54:58'),
(71, 'like', 48, NULL, '2026-06-12 19:58:45'),
(52, 'share', 35, NULL, '2026-06-12 20:04:33'),
(62, 'view', 34, NULL, '2026-06-12 20:06:56'),
(16, 'like', 0, NULL, '2026-06-12 20:08:50'),
(60, 'view', 12, NULL, '2026-06-12 20:10:50'),
(61, 'comment', 63, 'Тамаша пост!!! 😍😍😍', '2026-06-12 20:17:59'),
(107, 'view', 60, NULL, '2026-06-12 20:26:46'),
(91, 'like', 62, NULL, '2026-06-12 20:36:54'),
(50, 'like', 23, NULL, '2026-06-12 20:44:24'),
(34, 'comment', 51, 'Тамаша пост!!! 😍😍😍', '2026-06-12 20:48:55'),
(80, 'share', 24, NULL, '2026-06-12 20:51:07'),
(39, 'share', 34, NULL, '2026-06-12 21:18:29'),
(8, 'view', 71, NULL, '2026-06-12 21:46:04'),
(105, 'view', 14, NULL, '2026-06-12 22:05:27'),
(18, 'like', 15, NULL, '2026-06-12 22:27:39'),
(91, 'share', 79, NULL, '2026-06-12 23:25:12'),
(54, 'share', 24, NULL, '2026-06-13 03:48:36'),
(12, 'view', 41, NULL, '2026-06-13 05:34:40'),
(89, 'view', 46, NULL, '2026-06-13 05:48:14'),
(117, 'share', 0, NULL, '2026-06-13 06:21:30'),
(67, 'like', 46, NULL, '2026-06-13 06:58:45'),
(6, 'like', 50, NULL, '2026-06-13 09:05:02'),
(90, 'comment', 46, 'Тамаша пост!!! 😍😍😍', '2026-06-13 09:34:56'),
(45, 'comment', 19, 'Рахмет, пайдалы ақпарат)))', '2026-06-13 10:22:04'),
(108, 'view', 54, NULL, '2026-06-13 11:36:16'),
(39, 'like', 47, NULL, '2026-06-13 11:53:56'),
(35, 'like', 14, NULL, '2026-06-13 12:53:25'),
(70, 'comment', 9, 'Рахмет, пайдалы ақпарат)))', '2026-06-13 12:54:38'),
(119, 'like', 73, NULL, '2026-06-13 13:02:16'),
(95, 'like', 65, NULL, '2026-06-13 14:18:07'),
(67, 'like', 11, NULL, '2026-06-13 14:32:11'),
(56, 'view', 44, NULL, '2026-06-13 14:56:18'),
(115, 'comment', 13, 'Рахмет, пайдалы ақпарат)))', '2026-06-13 15:05:47'),
(61, 'view', 24, NULL, '2026-06-13 15:05:57'),
(111, 'comment', 53, 'Тамаша пост!!! 😍😍😍', '2026-06-13 15:52:09'),
(9, 'comment', 59, 'Қызық жазылған', '2026-06-13 16:03:50'),
(51, 'share', 28, NULL, '2026-06-13 16:23:33'),
(8, 'view', 20, NULL, '2026-06-13 17:11:05'),
(94, 'view', 38, NULL, '2026-06-13 17:17:06'),
(80, 'comment', 0, 'wow...керемет екен', '2026-06-13 17:25:51'),
(59, 'view', 48, NULL, '2026-06-13 17:34:27'),
(96, 'view', 26, NULL, '2026-06-13 17:47:28'),
(34, 'comment', 61, 'wow...керемет екен', '2026-06-13 17:52:14'),
(20, 'share', 16, NULL, '2026-06-13 18:04:08'),
(29, 'comment', 35, 'Қызық жазылған', '2026-06-13 18:24:25'),
(29, 'view', 0, NULL, '2026-06-13 18:27:05'),
(21, 'share', 28, NULL, '2026-06-13 18:49:10'),
(84, 'like', 27, NULL, '2026-06-13 18:53:06'),
(51, 'like', 45, NULL, '2026-06-13 19:02:36'),
(25, 'comment', 33, 'Тамаша пост!!! 😍😍😍', '2026-06-13 19:08:39'),
(12, 'like', 44, NULL, '2026-06-13 19:08:50'),
(57, 'share', 0, NULL, '2026-06-13 19:10:26'),
(69, 'share', 25, NULL, '2026-06-13 19:52:27'),
(75, 'view', 63, NULL, '2026-06-13 20:13:11'),
(34, 'like', 49, NULL, '2026-06-13 20:18:37'),
(72, 'like', 40, NULL, '2026-06-13 20:24:28'),
(50, 'view', 7, NULL, '2026-06-13 20:24:33'),
(99, 'view', 47, NULL, '2026-06-13 20:29:23'),
(82, 'view', 40, NULL, '2026-06-13 20:48:29'),
(82, 'view', 67, NULL, '2026-06-13 21:17:13'),
(59, 'view', 25, NULL, '2026-06-13 21:21:04'),
(55, 'view', 42, NULL, '2026-06-13 21:27:30'),
(84, 'view', 7, NULL, '2026-06-13 21:28:58'),
(33, 'share', 60, NULL, '2026-06-13 21:34:10'),
(12, 'like', 53, NULL, '2026-06-13 21:38:36'),
(102, 'view', 50, NULL, '2026-06-13 21:42:23'),
(11, 'view', 3, NULL, '2026-06-13 22:01:23'),
(33, 'like', 0, NULL, '2026-06-13 22:32:08'),
(23, 'view', 0, NULL, '2026-06-13 22:36:59'),
(70, 'view', 24, NULL, '2026-06-13 23:02:53'),
(90, 'like', 80, NULL, '2026-06-14 02:39:08'),
(60, 'view', 0, NULL, '2026-06-14 03:57:33'),
(1, 'like', 73, NULL, '2026-06-14 04:34:39'),
(51, 'share', 0, NULL, '2026-06-14 05:49:30'),
(67, 'view', 47, NULL, '2026-06-14 06:35:31'),
(73, 'comment', 5, 'Рахмет, пайдалы ақпарат)))', '2026-06-14 07:24:47'),
(13, 'like', 51, NULL, '2026-06-14 07:36:17'),
(71, 'like', 51, NULL, '2026-06-14 08:15:23'),
(111, 'like', 21, NULL, '2026-06-14 08:41:11'),
(92, 'view', 14, NULL, '2026-06-14 09:00:02'),
(103, 'like', 56, NULL, '2026-06-14 09:01:56'),
(3, 'view', 64, NULL, '2026-06-14 09:43:59'),
(91, 'like', 46, NULL, '2026-06-14 10:38:15'),
(56, 'view', 18, NULL, '2026-06-14 10:49:02'),
(21, 'view', 28, NULL, '2026-06-14 12:11:10'),
(12, 'like', 8, NULL, '2026-06-14 13:15:40'),
(70, 'view', 45, NULL, '2026-06-14 13:23:33'),
(77, 'share', 20, NULL, '2026-06-14 13:36:49'),
(58, 'like', 32, NULL, '2026-06-14 13:49:30'),
(41, 'comment', 62, 'Қызық жазылған', '2026-06-14 14:14:46'),
(63, 'share', 50, NULL, '2026-06-14 14:36:56'),
(25, 'like', 7, NULL, '2026-06-14 15:21:31'),
(80, 'view', 6, NULL, '2026-06-14 15:50:39'),
(105, 'like', 50, NULL, '2026-06-14 17:11:39'),
(22, 'like', 16, NULL, '2026-06-14 17:25:19'),
(30, 'view', 34, NULL, '2026-06-14 18:07:51'),
(67, 'comment', 24, 'Тамаша пост!!! 😍😍😍', '2026-06-14 18:30:02'),
(11, 'view', 46, NULL, '2026-06-14 19:58:35'),
(50, 'like', 22, NULL, '2026-06-14 20:12:32'),
(82, 'view', 34, NULL, '2026-06-14 20:22:59'),
(113, 'view', 26, NULL, '2026-06-14 20:43:24'),
(40, 'comment', 56, 'Тамаша пост!!! 😍😍😍', '2026-06-14 21:41:48'),
(112, 'like', 38, NULL, '2026-06-14 22:21:56'),
(27, 'comment', 17, 'wow...керемет екен', '2026-06-14 22:42:00'),
(75, 'view', 58, NULL, '2026-06-14 22:49:17'),
(44, 'comment', 57, 'Қызық жазылған', '2026-06-14 22:59:12'),
(98, 'like', 57, NULL, '2026-06-14 22:59:34'),
(39, 'like', 65, NULL, '2026-06-14 23:45:17'),
(47, 'view', 12, NULL, '2026-06-15 03:29:13'),
(96, 'share', 60, NULL, '2026-06-15 04:44:43'),
(31, 'view', 46, NULL, '2026-06-15 04:53:28'),
(47, 'view', 56, NULL, '2026-06-15 06:02:36'),
(51, 'like', 75, NULL, '2026-06-15 06:25:34'),
(74, 'view', 44, NULL, '2026-06-15 06:52:32'),
(23, 'view', 0, NULL, '2026-06-15 06:57:04'),
(16, 'like', 54, NULL, '2026-06-15 07:41:38'),
(82, 'comment', 30, 'осы дұрыс емес сияқты', '2026-06-15 08:10:38'),
(105, 'like', 21, NULL, '2026-06-15 08:23:09'),
(86, 'comment', 39, 'Тамаша пост!!! 😍😍😍', '2026-06-15 08:34:33'),
(84, 'comment', 40, 'осы дұрыс емес сияқты', '2026-06-15 08:38:35'),
(75, 'like', 58, NULL, '2026-06-15 08:51:21'),
(93, 'share', 25, NULL, '2026-06-15 09:35:38'),
(16, 'like', 33, NULL, '2026-06-15 11:00:12'),
(62, 'like', 74, NULL, '2026-06-15 11:00:44'),
(62, 'share', 78, NULL, '2026-06-15 11:17:26'),
(55, 'comment', 49, 'Рахмет, пайдалы ақпарат)))', '2026-06-15 12:35:06'),
(114, 'share', 25, NULL, '2026-06-15 13:05:29'),
(44, 'view', 25, NULL, '2026-06-15 14:33:55'),
(72, 'view', 32, NULL, '2026-06-15 14:50:58'),
(94, 'comment', 0, 'Тамаша пост!!! 😍😍😍', '2026-06-15 14:51:53'),
(16, 'view', 44, NULL, '2026-06-15 14:58:08'),
(115, 'comment', 24, 'Рахмет, пайдалы ақпарат)))', '2026-06-15 15:33:45'),
(20, 'comment', 13, 'wow...керемет екен', '2026-06-15 15:40:16'),
(104, 'view', 46, NULL, '2026-06-15 15:42:58'),
(1, 'like', 0, NULL, '2026-06-15 15:55:19'),
(50, 'like', 8, NULL, '2026-06-15 16:05:35'),
(26, 'share', 26, NULL, '2026-06-15 17:11:05'),
(14, 'comment', 36, 'Тамаша пост!!! 😍😍😍', '2026-06-15 17:24:47'),
(91, 'like', 30, NULL, '2026-06-15 17:29:46'),
(17, 'like', 48, NULL, '2026-06-15 18:06:36'),
(11, 'share', 9, NULL, '2026-06-15 18:08:45'),
(21, 'comment', 47, 'Қызық жазылған', '2026-06-15 18:37:40'),
(114, 'share', 48, NULL, '2026-06-15 19:09:57'),
(55, 'share', 64, NULL, '2026-06-15 19:15:40'),
(116, 'like', 6, NULL, '2026-06-15 19:31:27'),
(95, 'comment', 60, 'wow...керемет екен', '2026-06-15 19:48:26'),
(45, 'share', 38, NULL, '2026-06-15 19:52:33'),
(51, 'like', 30, NULL, '2026-06-15 19:54:01'),
(42, 'view', 18, NULL, '2026-06-15 20:17:51'),
(74, 'comment', 24, 'Рахмет, пайдалы ақпарат)))', '2026-06-15 20:42:31'),
(96, 'like', 12, NULL, '2026-06-15 21:06:03'),
(77, 'like', 63, NULL, '2026-06-15 21:07:35'),
(114, 'comment', 72, 'осы дұрыс емес сияқты', '2026-06-15 21:22:07'),
(66, 'like', 50, NULL, '2026-06-15 21:24:23'),
(97, 'view', 18, NULL, '2026-06-15 21:25:48'),
(69, 'view', 12, NULL, '2026-06-15 21:43:27'),
(2, 'comment', 59, 'wow...керемет екен', '2026-06-15 21:48:20'),
(52, 'like', 9, NULL, '2026-06-15 22:02:27'),
(100, 'like', 1, NULL, '2026-06-15 22:27:33'),
(35, 'like', 20, NULL, '2026-06-15 22:45:13'),
(29, 'view', 78, NULL, '2026-06-15 23:11:12'),
(105, 'like', 1, NULL, '2026-06-15 23:17:11'),
(43, 'view', 74, NULL, '2026-06-15 23:18:50'),
(41, 'share', 76, NULL, '2026-06-15 23:18:50'),
(116, 'like', 50, NULL, '2026-06-15 23:22:22'),
(34, 'like', 57, NULL, '2026-06-15 23:57:51'),
(110, 'like', 11, NULL, '2026-06-15 23:58:19'),
(71, 'view', 33, NULL, '2026-06-16 00:04:09'),
(54, 'view', 75, NULL, '2026-06-16 02:45:22'),
(119, 'like', 38, NULL, '2026-06-16 04:02:08'),
(19, 'like', 79, NULL, '2026-06-16 06:51:18'),
(86, 'view', 37, NULL, '2026-06-16 07:02:20'),
(88, 'like', 10, NULL, '2026-06-16 07:20:07'),
(96, 'share', 24, NULL, '2026-06-16 07:54:11'),
(67, 'share', 47, NULL, '2026-06-16 08:00:26'),
(100, 'view', 32, NULL, '2026-06-16 09:42:05'),
(118, 'view', 0, NULL, '2026-06-16 09:53:01'),
(66, 'like', 34, NULL, '2026-06-16 10:10:55'),
(65, 'view', 74, NULL, '2026-06-16 10:15:30'),
(89, 'like', 71, NULL, '2026-06-16 10:52:41'),
(83, 'share', 55, NULL, '2026-06-16 11:49:31'),
(112, 'like', 23, NULL, '2026-06-16 12:14:58'),
(32, 'view', 76, NULL, '2026-06-16 12:21:58'),
(18, 'like', 5, NULL, '2026-06-16 12:38:30'),
(56, 'share', 0, NULL, '2026-06-16 12:53:12'),
(76, 'comment', 78, 'Қызық жазылған', '2026-06-16 13:19:42'),
(2, 'view', 72, NULL, '2026-06-16 14:02:06'),
(100, 'like', 1, NULL, '2026-06-16 14:21:44'),
(79, 'like', 68, NULL, '2026-06-16 14:22:07'),
(48, 'like', 48, NULL, '2026-06-16 14:26:00'),
(99, 'share', 47, NULL, '2026-06-16 15:12:58'),
(89, 'view', 20, NULL, '2026-06-16 15:24:09'),
(8, 'comment', 66, 'Рахмет, пайдалы ақпарат)))', '2026-06-16 15:30:25'),
(118, 'like', 77, NULL, '2026-06-16 15:35:06'),
(63, 'like', 79, NULL, '2026-06-16 15:55:52'),
(38, 'view', 58, NULL, '2026-06-16 16:03:43'),
(69, 'view', 77, NULL, '2026-06-16 17:05:10'),
(106, 'view', 40, NULL, '2026-06-16 18:32:00'),
(45, 'share', 16, NULL, '2026-06-16 18:32:52');

INSERT INTO Activities (user_id, action_type, post_id, comment_text, activity_timestamp) VALUES
(89, 'like', 24, NULL, '2026-06-16 18:41:30'),
(15, 'view', 44, NULL, '2026-06-16 18:47:03'),
(84, 'like', 37, NULL, '2026-06-16 19:03:15'),
(92, 'like', 33, NULL, '2026-06-16 19:10:45'),
(120, 'view', 60, NULL, '2026-06-16 19:28:45'),
(25, 'like', 41, NULL, '2026-06-16 19:38:24'),
(30, 'comment', 76, 'Қызық жазылған', '2026-06-16 19:52:08'),
(51, 'share', 78, NULL, '2026-06-16 19:53:23'),
(10, 'comment', 62, 'осы дұрыс емес сияқты', '2026-06-16 20:49:04'),
(68, 'like', 7, NULL, '2026-06-16 21:04:26'),
(55, 'like', 46, NULL, '2026-06-16 21:23:46'),
(52, 'like', 14, NULL, '2026-06-16 21:25:21'),
(2, 'view', 7, NULL, '2026-06-16 21:26:41'),
(61, 'view', 76, NULL, '2026-06-16 21:52:01'),
(30, 'share', 14, NULL, '2026-06-16 22:30:39'),
(113, 'comment', 48, 'осы дұрыс емес сияқты', '2026-06-16 23:01:36'),
(90, 'like', 35, NULL, '2026-06-16 23:14:15'),
(33, 'view', 44, NULL, '2026-06-16 23:30:08'),
(64, 'share', 7, NULL, '2026-06-16 23:34:59'),
(93, 'view', 47, NULL, '2026-06-17 00:39:50'),
(40, 'view', 45, NULL, '2026-06-17 03:43:09'),
(119, 'share', 14, NULL, '2026-06-17 05:08:58'),
(86, 'comment', 37, 'wow...керемет екен', '2026-06-17 07:21:31'),
(49, 'view', 63, NULL, '2026-06-17 07:26:09'),
(79, 'like', 38, NULL, '2026-06-17 07:47:51'),
(78, 'like', 76, NULL, '2026-06-17 07:58:18'),
(101, 'like', 40, NULL, '2026-06-17 08:00:56'),
(111, 'share', 0, NULL, '2026-06-17 08:43:38'),
(8, 'comment', 43, 'Рахмет, пайдалы ақпарат)))', '2026-06-17 08:58:40'),
(110, 'like', 36, NULL, '2026-06-17 09:01:07'),
(4, 'like', 8, NULL, '2026-06-17 09:13:50'),
(60, 'like', 12, NULL, '2026-06-17 09:50:28'),
(116, 'like', 2, NULL, '2026-06-17 10:16:57'),
(33, 'view', 52, NULL, '2026-06-17 10:57:45'),
(101, 'like', 73, NULL, '2026-06-17 11:16:56'),
(10, 'share', 38, NULL, '2026-06-17 12:07:52'),
(84, 'like', 77, NULL, '2026-06-17 12:25:32'),
(68, 'share', 19, NULL, '2026-06-17 13:26:02'),
(34, 'comment', 71, 'осы дұрыс емес сияқты', '2026-06-17 13:40:01'),
(5, 'comment', 53, 'wow...керемет екен', '2026-06-17 13:50:23'),
(6, 'like', 12, NULL, '2026-06-17 14:00:03'),
(105, 'like', 12, NULL, '2026-06-17 14:31:19'),
(68, 'view', 10, NULL, '2026-06-17 14:55:06'),
(67, 'comment', 70, 'Қызық жазылған', '2026-06-17 15:33:05'),
(35, 'like', 64, NULL, '2026-06-17 15:37:23'),
(58, 'view', 29, NULL, '2026-06-17 15:41:50'),
(43, 'like', 56, NULL, '2026-06-17 16:26:43'),
(49, 'like', 59, NULL, '2026-06-17 17:06:11'),
(7, 'view', 51, NULL, '2026-06-17 18:18:59'),
(96, 'like', 40, NULL, '2026-06-17 18:49:57'),
(32, 'comment', 46, 'Қызық жазылған', '2026-06-17 19:01:19'),
(14, 'comment', 19, 'Қызық жазылған', '2026-06-17 19:19:37'),
(88, 'comment', 74, 'Қызық жазылған', '2026-06-17 19:29:33'),
(86, 'view', 31, NULL, '2026-06-17 19:47:21'),
(11, 'like', 6, NULL, '2026-06-17 19:59:37'),
(16, 'share', 57, NULL, '2026-06-17 20:20:08'),
(27, 'like', 17, NULL, '2026-06-17 20:27:13'),
(77, 'view', 12, NULL, '2026-06-17 20:28:04'),
(64, 'like', 5, NULL, '2026-06-17 20:28:42'),
(70, 'view', 14, NULL, '2026-06-17 20:33:37'),
(16, 'view', 13, NULL, '2026-06-17 20:36:55'),
(77, 'like', 58, NULL, '2026-06-17 20:39:02'),
(64, 'like', 80, NULL, '2026-06-17 20:48:45'),
(113, 'like', 36, NULL, '2026-06-17 20:54:16'),
(117, 'comment', 38, 'wow...керемет екен', '2026-06-17 21:12:43'),
(6, 'comment', 30, 'осы дұрыс емес сияқты', '2026-06-17 21:14:23'),
(86, 'view', 46, NULL, '2026-06-17 21:18:57'),
(8, 'like', 59, NULL, '2026-06-17 21:31:05'),
(72, 'comment', 66, 'Қызық жазылған', '2026-06-17 21:32:49'),
(57, 'like', 13, NULL, '2026-06-17 21:54:29'),
(79, 'comment', 39, 'Тамаша пост!!! 😍😍😍', '2026-06-18 01:43:37'),
(55, 'comment', 0, 'осы дұрыс емес сияқты', '2026-06-18 02:30:49'),
(1, 'comment', 1, 'wow...керемет екен', '2026-06-18 02:39:53'),
(49, 'comment', 15, 'Қызық жазылған', '2026-06-18 03:24:10'),
(94, 'view', 65, NULL, '2026-06-18 04:21:36'),
(79, 'view', 48, NULL, '2026-06-18 04:35:17'),
(36, 'share', 13, NULL, '2026-06-18 04:53:46'),
(13, 'view', 63, NULL, '2026-06-18 07:03:42'),
(79, 'like', 62, NULL, '2026-06-18 07:18:12'),
(90, 'like', 7, NULL, '2026-06-18 07:33:33'),
(86, 'share', 17, NULL, '2026-06-18 07:36:38'),
(120, 'like', 80, NULL, '2026-06-18 09:33:15'),
(118, 'view', 79, NULL, '2026-06-18 11:02:13'),
(92, 'view', 39, NULL, '2026-06-18 11:20:42'),
(25, 'like', 67, NULL, '2026-06-18 11:40:51'),
(103, 'like', 54, NULL, '2026-06-18 12:17:00'),
(108, 'view', 45, NULL, '2026-06-18 12:33:33'),
(23, 'comment', 37, 'wow...керемет екен', '2026-06-18 13:18:38'),
(76, 'like', 12, NULL, '2026-06-18 13:24:54'),
(26, 'comment', 29, 'Тамаша пост!!! 😍😍😍', '2026-06-18 13:40:16'),
(11, 'like', 33, NULL, '2026-06-18 13:42:36'),
(86, 'like', 55, NULL, '2026-06-18 14:32:41'),
(15, 'like', 53, NULL, '2026-06-18 14:36:22'),
(12, 'like', 64, NULL, '2026-06-18 14:57:17'),
(98, 'like', 62, NULL, '2026-06-18 15:37:00'),
(63, 'like', 0, NULL, '2026-06-18 16:15:56'),
(43, 'view', 0, NULL, '2026-06-18 16:40:57'),
(115, 'comment', 12, 'Тамаша пост!!! 😍😍😍', '2026-06-18 16:46:50'),
(20, 'view', 38, NULL, '2026-06-18 16:56:41'),
(103, 'comment', 30, 'wow...керемет екен', '2026-06-18 17:06:23'),
(74, 'share', 35, NULL, '2026-06-18 17:42:01'),
(11, 'like', 5, NULL, '2026-06-18 17:57:33'),
(48, 'like', 71, NULL, '2026-06-18 18:10:57'),
(12, 'like', 0, NULL, '2026-06-18 18:26:27'),
(65, 'comment', 45, 'Рахмет, пайдалы ақпарат)))', '2026-06-18 18:29:14'),
(44, 'like', 51, NULL, '2026-06-18 18:32:34'),
(28, 'view', 74, NULL, '2026-06-18 18:44:58'),
(12, 'view', 4, NULL, '2026-06-18 18:57:01'),
(62, 'view', 17, NULL, '2026-06-18 19:15:30'),
(93, 'share', 4, NULL, '2026-06-18 19:46:55'),
(69, 'like', 6, NULL, '2026-06-18 20:43:00'),
(55, 'view', 15, NULL, '2026-06-18 20:45:45'),
(107, 'comment', 78, 'wow...керемет екен', '2026-06-18 21:10:27'),
(18, 'like', 17, NULL, '2026-06-18 21:36:36'),
(33, 'share', 79, NULL, '2026-06-18 21:56:49'),
(72, 'view', 68, NULL, '2026-06-19 00:15:29'),
(100, 'like', 31, NULL, '2026-06-19 01:59:00'),
(41, 'comment', 24, 'wow...керемет екен', '2026-06-19 02:04:54'),
(75, 'view', 30, NULL, '2026-06-19 04:13:01'),
(1, 'like', 3, NULL, '2026-06-19 04:28:38'),
(97, 'like', 69, NULL, '2026-06-19 06:40:54'),
(46, 'like', 77, NULL, '2026-06-19 06:48:04'),
(85, 'view', 75, NULL, '2026-06-19 07:38:45'),
(20, 'like', 57, NULL, '2026-06-19 08:00:19'),
(22, 'comment', 33, 'Тамаша пост!!! 😍😍😍', '2026-06-19 08:32:48'),
(101, 'share', 18, NULL, '2026-06-19 08:43:32'),
(7, 'comment', 50, 'wow...керемет екен', '2026-06-19 08:58:56'),
(65, 'like', 66, NULL, '2026-06-19 08:59:32'),
(20, 'share', 46, NULL, '2026-06-19 09:03:40'),
(83, 'view', 23, NULL, '2026-06-19 09:35:09'),
(86, 'comment', 20, 'Қызық жазылған', '2026-06-19 09:58:17'),
(43, 'like', 0, NULL, '2026-06-19 11:10:17'),
(24, 'like', 0, NULL, '2026-06-19 11:14:53'),
(20, 'comment', 78, 'осы дұрыс емес сияқты', '2026-06-19 11:48:56'),
(28, 'comment', 53, 'Рахмет, пайдалы ақпарат)))', '2026-06-19 12:05:55'),
(12, 'comment', 4, 'wow...керемет екен', '2026-06-19 12:19:58'),
(43, 'view', 58, NULL, '2026-06-19 12:38:52'),
(107, 'comment', 51, 'Қызық жазылған', '2026-06-19 12:42:19'),
(90, 'like', 66, NULL, '2026-06-19 12:47:44'),
(21, 'comment', 32, 'wow...керемет екен', '2026-06-19 13:41:52'),
(60, 'view', 43, NULL, '2026-06-19 14:10:22'),
(51, 'comment', 69, 'Қызық жазылған', '2026-06-19 14:57:54'),
(75, 'view', 34, NULL, '2026-06-19 15:03:09'),
(23, 'like', 69, NULL, '2026-06-19 15:42:50'),
(120, 'comment', 77, 'Қызық жазылған', '2026-06-19 15:43:14'),
(58, 'like', 25, NULL, '2026-06-19 15:43:28'),
(5, 'view', 9, NULL, '2026-06-19 16:06:44'),
(89, 'view', 12, NULL, '2026-06-19 17:23:37'),
(42, 'share', 47, NULL, '2026-06-19 17:29:47'),
(68, 'like', 29, NULL, '2026-06-19 17:35:22'),
(103, 'like', 55, NULL, '2026-06-19 17:40:24'),
(76, 'view', 17, NULL, '2026-06-19 18:16:07'),
(6, 'view', 26, NULL, '2026-06-19 18:26:31'),
(112, 'view', 12, NULL, '2026-06-19 18:32:38'),
(111, 'like', 19, NULL, '2026-06-19 18:40:13'),
(108, 'view', 11, NULL, '2026-06-19 19:00:23'),
(7, 'like', 72, NULL, '2026-06-19 19:19:01'),
(76, 'like', 26, NULL, '2026-06-19 19:21:03'),
(81, 'view', 63, NULL, '2026-06-19 19:36:10'),
(3, 'comment', 28, 'осы дұрыс емес сияқты', '2026-06-19 19:44:56'),
(11, 'view', 77, NULL, '2026-06-19 19:49:42'),
(59, 'like', 0, NULL, '2026-06-19 19:53:12'),
(72, 'share', 24, NULL, '2026-06-19 19:57:39'),
(51, 'like', 18, NULL, '2026-06-19 20:10:16'),
(107, 'comment', 44, 'wow...керемет екен', '2026-06-19 20:23:10'),
(49, 'view', 3, NULL, '2026-06-19 20:23:45'),
(65, 'like', 12, NULL, '2026-06-19 20:52:52'),
(9, 'like', 3, NULL, '2026-06-19 20:55:37'),
(51, 'share', 69, NULL, '2026-06-19 21:28:35'),
(43, 'view', 27, NULL, '2026-06-19 21:28:35'),
(79, 'view', 74, NULL, '2026-06-19 21:36:58'),
(72, 'share', 54, NULL, '2026-06-19 21:53:55'),
(70, 'comment', 5, 'осы дұрыс емес сияқты', '2026-06-19 23:22:31'),
(30, 'comment', 36, 'Рахмет, пайдалы ақпарат)))', '2026-06-19 23:26:21'),
(39, 'view', 13, NULL, '2026-06-19 23:37:49'),
(78, 'view', 24, NULL, '2026-06-19 23:59:35'),
(59, 'like', 74, NULL, '2026-06-20 00:39:43'),
(12, 'like', 7, NULL, '2026-06-20 03:08:33'),
(90, 'view', 49, NULL, '2026-06-20 03:36:02'),
(72, 'like', 62, NULL, '2026-06-20 04:27:19'),
(114, 'share', 4, NULL, '2026-06-20 05:24:58'),
(87, 'share', 58, NULL, '2026-06-20 05:38:36'),
(30, 'like', 39, NULL, '2026-06-20 06:17:17'),
(51, 'view', 73, NULL, '2026-06-20 08:01:58'),
(111, 'view', 71, NULL, '2026-06-20 08:17:02'),
(50, 'like', 78, NULL, '2026-06-20 08:19:47'),
(46, 'like', 2, NULL, '2026-06-20 08:33:44'),
(91, 'like', 72, NULL, '2026-06-20 08:43:22'),
(60, 'like', 1, NULL, '2026-06-20 08:47:23'),
(93, 'like', 20, NULL, '2026-06-20 09:05:53'),
(112, 'like', 67, NULL, '2026-06-20 09:15:33'),
(65, 'like', 52, NULL, '2026-06-20 09:26:13'),
(83, 'share', 0, NULL, '2026-06-20 10:15:01'),
(40, 'comment', 70, 'Қызық жазылған', '2026-06-20 10:15:38'),
(43, 'share', 0, NULL, '2026-06-20 10:43:35'),
(79, 'comment', 66, 'Рахмет, пайдалы ақпарат)))', '2026-06-20 11:35:40'),
(89, 'view', 0, NULL, '2026-06-20 11:57:56'),
(76, 'view', 36, NULL, '2026-06-20 12:10:21'),
(45, 'comment', 29, 'осы дұрыс емес сияқты', '2026-06-20 12:27:12'),
(38, 'view', 43, NULL, '2026-06-20 12:48:52'),
(57, 'view', 14, NULL, '2026-06-20 13:07:20'),
(60, 'comment', 76, 'wow...керемет екен', '2026-06-20 13:18:57'),
(115, 'view', 53, NULL, '2026-06-20 14:02:12'),
(103, 'like', 8, NULL, '2026-06-20 14:07:49'),
(112, 'like', 44, NULL, '2026-06-20 15:15:46'),
(25, 'like', 0, NULL, '2026-06-20 16:21:06'),
(3, 'view', 70, NULL, '2026-06-20 16:35:09'),
(67, 'share', 64, NULL, '2026-06-20 17:01:48'),
(72, 'like', 75, NULL, '2026-06-20 17:30:07'),
(3, 'like', 65, NULL, '2026-06-20 17:58:37'),
(69, 'like', 57, NULL, '2026-06-20 18:25:58'),
(87, 'like', 54, NULL, '2026-06-20 18:28:43'),
(28, 'share', 62, NULL, '2026-06-20 18:49:34'),
(86, 'like', 27, NULL, '2026-06-20 18:58:46'),
(95, 'share', 74, NULL, '2026-06-20 19:12:38'),
(113, 'like', 20, NULL, '2026-06-20 19:17:03'),
(2, 'like', 36, NULL, '2026-06-20 19:20:08'),
(47, 'like', 11, NULL, '2026-06-20 19:31:58'),
(51, 'like', 67, NULL, '2026-06-20 20:58:40'),
(78, 'comment', 79, 'Қызық жазылған', '2026-06-20 21:01:45'),
(89, 'view', 70, NULL, '2026-06-20 21:11:22'),
(11, 'view', 7, NULL, '2026-06-20 21:11:42'),
(1, 'view', 73, NULL, '2026-06-20 21:31:21'),
(24, 'like', 54, NULL, '2026-06-20 21:35:25'),
(41, 'like', 73, NULL, '2026-06-20 21:38:41'),
(56, 'view', 44, NULL, '2026-06-20 22:18:13'),
(118, 'view', 38, NULL, '2026-06-20 22:57:24'),
(12, 'like', 21, NULL, '2026-06-20 23:54:17'),
(98, 'comment', 52, 'осы дұрыс емес сияқты', '2026-06-20 23:57:41'),
(119, 'like', 15, NULL, '2026-06-21 01:39:16'),
(71, 'view', 7, NULL, '2026-06-21 03:17:43'),
(4, 'comment', 7, 'wow...керемет екен', '2026-06-21 04:53:15'),
(50, 'like', 34, NULL, '2026-06-21 06:02:43'),
(81, 'like', 19, NULL, '2026-06-21 07:07:37'),
(96, 'comment', 8, 'Рахмет, пайдалы ақпарат)))', '2026-06-21 07:07:50'),
(47, 'like', 46, NULL, '2026-06-21 07:30:06'),
(73, 'share', 39, NULL, '2026-06-21 08:10:04'),
(100, 'like', 6, NULL, '2026-06-21 08:46:09'),
(77, 'view', 13, NULL, '2026-06-21 10:13:14'),
(28, 'share', 36, NULL, '2026-06-21 10:56:58'),
(107, 'view', 75, NULL, '2026-06-21 11:27:48'),
(98, 'like', 64, NULL, '2026-06-21 11:28:20'),
(76, 'comment', 68, 'wow...керемет екен', '2026-06-21 11:46:12'),
(82, 'like', 50, NULL, '2026-06-21 13:13:34'),
(69, 'like', 80, NULL, '2026-06-21 14:16:02'),
(41, 'comment', 20, 'Рахмет, пайдалы ақпарат)))', '2026-06-21 14:32:25'),
(87, 'view', 56, NULL, '2026-06-21 14:35:32'),
(29, 'comment', 67, 'Рахмет, пайдалы ақпарат)))', '2026-06-21 15:10:08'),
(19, 'like', 57, NULL, '2026-06-21 15:39:21'),
(8, 'view', 78, NULL, '2026-06-21 16:12:03'),
(46, 'like', 56, NULL, '2026-06-21 16:12:25'),
(60, 'like', 29, NULL, '2026-06-21 16:55:05'),
(48, 'view', 0, NULL, '2026-06-21 16:57:23'),
(32, 'share', 38, NULL, '2026-06-21 17:40:42'),
(57, 'comment', 49, 'Қызық жазылған', '2026-06-21 18:18:29'),
(14, 'comment', 0, 'wow...керемет екен', '2026-06-21 18:21:59'),
(32, 'view', 1, NULL, '2026-06-21 18:22:58'),
(16, 'like', 69, NULL, '2026-06-21 18:36:35'),
(30, 'like', 49, NULL, '2026-06-21 18:57:09'),
(47, 'view', 18, NULL, '2026-06-21 19:13:10'),
(115, 'view', 53, NULL, '2026-06-21 19:37:38'),
(8, 'like', 36, NULL, '2026-06-21 19:41:00'),
(54, 'view', 8, NULL, '2026-06-21 20:08:25'),
(80, 'comment', 57, 'Рахмет, пайдалы ақпарат)))', '2026-06-21 20:16:31'),
(84, 'view', 2, NULL, '2026-06-21 20:22:41'),
(18, 'like', 47, NULL, '2026-06-21 20:25:28'),
(59, 'view', 59, NULL, '2026-06-21 20:25:36'),
(20, 'comment', 62, 'wow...керемет екен', '2026-06-21 20:40:09'),
(41, 'like', 57, NULL, '2026-06-21 21:19:28'),
(77, 'like', 52, NULL, '2026-06-21 21:36:18'),
(46, 'view', 49, NULL, '2026-06-21 22:21:09'),
(92, 'view', 36, NULL, '2026-06-21 23:02:25'),
(1, 'like', 66, NULL, '2026-06-21 23:12:41'),
(22, 'share', 35, NULL, '2026-06-21 23:18:39'),
(83, 'view', 67, NULL, '2026-06-22 00:21:51'),
(10, 'comment', 47, 'wow...керемет екен', '2026-06-22 01:58:03'),
(108, 'view', 59, NULL, '2026-06-22 02:10:18'),
(64, 'like', 43, NULL, '2026-06-22 02:40:44'),
(84, 'like', 41, NULL, '2026-06-22 04:37:00'),
(90, 'comment', 22, 'Рахмет, пайдалы ақпарат)))', '2026-06-22 05:04:20'),
(118, 'like', 0, NULL, '2026-06-22 07:30:39'),
(87, 'view', 49, NULL, '2026-06-22 07:46:44'),
(82, 'view', 77, NULL, '2026-06-22 08:23:09'),
(118, 'share', 10, NULL, '2026-06-22 08:33:14'),
(93, 'like', 54, NULL, '2026-06-22 08:51:01'),
(110, 'view', 64, NULL, '2026-06-22 09:48:08'),
(47, 'view', 69, NULL, '2026-06-22 09:53:14'),
(77, 'view', 28, NULL, '2026-06-22 10:07:19'),
(74, 'view', 27, NULL, '2026-06-22 10:12:53'),
(3, 'like', 61, NULL, '2026-06-22 10:58:17'),
(78, 'comment', 0, 'Тамаша пост!!! 😍😍😍', '2026-06-22 11:30:15'),
(64, 'view', 41, NULL, '2026-06-22 11:56:40'),
(80, 'like', 28, NULL, '2026-06-22 12:04:17'),
(100, 'like', 32, NULL, '2026-06-22 12:09:42'),
(84, 'share', 47, NULL, '2026-06-22 12:44:30'),
(83, 'view', 7, NULL, '2026-06-22 13:13:55'),
(103, 'comment', 69, 'осы дұрыс емес сияқты', '2026-06-22 13:57:19'),
(31, 'view', 63, NULL, '2026-06-22 13:59:48'),
(60, 'share', 60, NULL, '2026-06-22 14:13:10'),
(54, 'view', 9, NULL, '2026-06-22 14:59:45'),
(79, 'like', 13, NULL, '2026-06-22 15:52:09'),
(61, 'comment', 11, 'wow...керемет екен', '2026-06-22 16:33:46'),
(54, 'comment', 47, 'осы дұрыс емес сияқты', '2026-06-22 16:56:22'),
(8, 'like', 23, NULL, '2026-06-22 17:08:49'),
(30, 'share', 74, NULL, '2026-06-22 17:09:06'),
(88, 'like', 56, NULL, '2026-06-22 17:14:43'),
(113, 'view', 38, NULL, '2026-06-22 17:18:33'),
(58, 'like', 69, NULL, '2026-06-22 17:22:34'),
(18, 'view', 59, NULL, '2026-06-22 17:26:50'),
(56, 'view', 19, NULL, '2026-06-22 17:53:58'),
(73, 'comment', 0, 'осы дұрыс емес сияқты', '2026-06-22 18:05:22'),
(28, 'share', 16, NULL, '2026-06-22 18:12:22'),
(21, 'view', 65, NULL, '2026-06-22 18:12:57'),
(113, 'share', 56, NULL, '2026-06-22 18:17:53'),
(91, 'like', 42, NULL, '2026-06-22 18:21:32'),
(63, 'like', 61, NULL, '2026-06-22 18:29:26'),
(56, 'view', 19, NULL, '2026-06-22 18:30:04'),
(113, 'like', 4, NULL, '2026-06-22 18:52:59'),
(103, 'like', 2, NULL, '2026-06-22 19:17:11'),
(97, 'like', 65, NULL, '2026-06-22 19:23:03'),
(5, 'like', 36, NULL, '2026-06-22 19:27:27'),
(91, 'like', 68, NULL, '2026-06-22 19:48:33'),
(70, 'like', 44, NULL, '2026-06-22 20:18:31'),
(100, 'view', 7, NULL, '2026-06-22 20:19:20'),
(65, 'view', 53, NULL, '2026-06-22 20:30:15'),
(20, 'comment', 70, 'осы дұрыс емес сияқты', '2026-06-22 20:39:28'),
(67, 'share', 4, NULL, '2026-06-22 20:39:47'),
(113, 'share', 58, NULL, '2026-06-22 20:40:56'),
(88, 'view', 0, NULL, '2026-06-22 20:50:43'),
(70, 'comment', 73, 'wow...керемет екен', '2026-06-22 21:16:41'),
(75, 'view', 58, NULL, '2026-06-22 21:35:56'),
(80, 'view', 0, NULL, '2026-06-22 21:49:06'),
(1, 'comment', 8, 'Тамаша пост!!! 😍😍😍', '2026-06-22 22:30:59'),
(72, 'view', 61, NULL, '2026-06-22 22:34:10'),
(58, 'like', 58, NULL, '2026-06-22 22:36:56'),
(97, 'comment', 5, 'Рахмет, пайдалы ақпарат)))', '2026-06-22 22:53:13'),
(59, 'view', 50, NULL, '2026-06-22 22:59:58'),
(67, 'like', 41, NULL, '2026-06-22 23:19:19'),
(104, 'like', 62, NULL, '2026-06-22 23:26:22'),
(36, 'comment', 0, 'Қызық жазылған', '2026-06-23 01:17:53'),
(33, 'share', 56, NULL, '2026-06-23 02:37:53'),
(13, 'like', 66, NULL, '2026-06-23 03:37:22'),
(10, 'like', 77, NULL, '2026-06-23 04:15:15'),
(64, 'share', 20, NULL, '2026-06-23 06:47:40'),
(13, 'like', 3, NULL, '2026-06-23 07:06:13'),
(18, 'like', 65, NULL, '2026-06-23 07:15:04'),
(40, 'view', 68, NULL, '2026-06-23 07:16:58'),
(79, 'like', 28, NULL, '2026-06-23 07:20:32'),
(97, 'like', 62, NULL, '2026-06-23 08:06:27'),
(36, 'like', 9, NULL, '2026-06-23 08:18:21'),
(99, 'view', 6, NULL, '2026-06-23 08:20:41'),
(44, 'view', 53, NULL, '2026-06-23 08:34:11'),
(84, 'like', 13, NULL, '2026-06-23 08:47:02'),
(101, 'comment', 15, 'осы дұрыс емес сияқты', '2026-06-23 09:14:38'),
(65, 'share', 0, NULL, '2026-06-23 09:31:26'),
(116, 'comment', 18, 'Қызық жазылған', '2026-06-23 10:04:54'),
(70, 'comment', 51, 'Қызық жазылған', '2026-06-23 10:12:18'),
(110, 'like', 28, NULL, '2026-06-23 10:31:00'),
(84, 'like', 65, NULL, '2026-06-23 11:14:18'),
(67, 'comment', 23, 'Тамаша пост!!! 😍😍😍', '2026-06-23 11:26:14'),
(113, 'view', 30, NULL, '2026-06-23 11:54:29'),
(57, 'like', 51, NULL, '2026-06-23 13:18:59'),
(117, 'view', 43, NULL, '2026-06-23 13:39:44'),
(17, 'like', 16, NULL, '2026-06-23 14:51:03'),
(110, 'like', 21, NULL, '2026-06-23 15:23:59'),
(77, 'like', 3, NULL, '2026-06-23 15:33:55'),
(78, 'like', 32, NULL, '2026-06-23 15:52:28'),
(103, 'comment', 9, 'Қызық жазылған', '2026-06-23 16:23:58'),
(71, 'like', 10, NULL, '2026-06-23 16:42:38'),
(97, 'like', 11, NULL, '2026-06-23 16:44:56'),
(84, 'comment', 52, 'Тамаша пост!!! 😍😍😍', '2026-06-23 16:49:46'),
(80, 'like', 80, NULL, '2026-06-23 16:53:39'),
(8, 'like', 68, NULL, '2026-06-23 17:28:14'),
(30, 'comment', 69, 'Қызық жазылған', '2026-06-23 17:52:16'),
(6, 'comment', 9, 'Рахмет, пайдалы ақпарат)))', '2026-06-23 18:02:26'),
(110, 'like', 8, NULL, '2026-06-23 18:10:47'),
(74, 'share', 53, NULL, '2026-06-23 18:50:15'),
(41, 'like', 78, NULL, '2026-06-23 19:05:20'),
(18, 'share', 23, NULL, '2026-06-23 19:19:44'),
(37, 'like', 32, NULL, '2026-06-23 19:28:31'),
(89, 'like', 17, NULL, '2026-06-23 19:35:04'),
(3, 'view', 44, NULL, '2026-06-23 19:38:23'),
(102, 'comment', 5, 'осы дұрыс емес сияқты', '2026-06-23 19:53:05'),
(39, 'view', 27, NULL, '2026-06-23 19:55:32'),
(27, 'view', 42, NULL, '2026-06-23 20:15:14'),
(6, 'like', 33, NULL, '2026-06-23 20:19:24'),
(114, 'view', 12, NULL, '2026-06-23 20:21:08'),
(94, 'like', 75, NULL, '2026-06-23 20:31:15'),
(43, 'comment', 30, 'wow...керемет екен', '2026-06-23 20:55:16'),
(82, 'like', 6, NULL, '2026-06-23 21:07:42'),
(37, 'comment', 19, 'Қызық жазылған', '2026-06-23 21:31:07'),
(19, 'comment', 24, 'Тамаша пост!!! 😍😍😍', '2026-06-23 22:01:41'),
(80, 'comment', 7, 'wow...керемет екен', '2026-06-23 22:14:36'),
(57, 'comment', 60, 'wow...керемет екен', '2026-06-23 22:41:14'),
(70, 'view', 74, NULL, '2026-06-23 23:10:39'),
(105, 'like', 14, NULL, '2026-06-23 23:11:49'),
(104, 'view', 57, NULL, '2026-06-23 23:16:13'),
(32, 'view', 21, NULL, '2026-06-23 23:32:38'),
(29, 'like', 80, NULL, '2026-06-23 23:33:59'),
(4, 'view', 8, NULL, '2026-06-24 00:06:12'),
(83, 'share', 41, NULL, '2026-06-24 00:49:31'),
(39, 'like', 49, NULL, '2026-06-24 04:39:59'),
(91, 'share', 0, NULL, '2026-06-24 06:41:38'),
(73, 'like', 37, NULL, '2026-06-24 07:01:45'),
(70, 'share', 14, NULL, '2026-06-24 07:05:41'),
(22, 'like', 77, NULL, '2026-06-24 07:17:05'),
(87, 'like', 44, NULL, '2026-06-24 07:54:22'),
(81, 'like', 38, NULL, '2026-06-24 08:09:10'),
(104, 'view', 69, NULL, '2026-06-24 08:22:29'),
(112, 'comment', 11, 'Тамаша пост!!! 😍😍😍', '2026-06-24 08:31:03'),
(3, 'view', 63, NULL, '2026-06-24 09:04:00'),
(7, 'like', 5, NULL, '2026-06-24 10:30:18'),
(57, 'view', 52, NULL, '2026-06-24 10:42:45'),
(8, 'like', 28, NULL, '2026-06-24 11:38:07'),
(119, 'view', 21, NULL, '2026-06-24 12:26:30'),
(36, 'comment', 58, 'Қызық жазылған', '2026-06-24 13:04:04'),
(108, 'like', 0, NULL, '2026-06-24 13:20:30'),
(48, 'view', 4, NULL, '2026-06-24 13:51:11'),
(39, 'view', 76, NULL, '2026-06-24 14:40:01'),
(23, 'share', 62, NULL, '2026-06-24 14:49:23'),
(21, 'view', 31, NULL, '2026-06-24 15:32:08'),
(42, 'comment', 26, 'wow...керемет екен', '2026-06-24 15:32:29'),
(12, 'like', 34, NULL, '2026-06-24 15:49:29'),
(116, 'view', 4, NULL, '2026-06-24 16:01:29'),
(68, 'comment', 21, 'Қызық жазылған', '2026-06-24 16:17:59'),
(83, 'like', 78, NULL, '2026-06-24 16:30:44'),
(65, 'like', 46, NULL, '2026-06-24 16:42:45'),
(74, 'comment', 13, 'осы дұрыс емес сияқты', '2026-06-24 18:07:41'),
(17, 'view', 10, NULL, '2026-06-24 18:12:49'),
(86, 'comment', 45, 'Қызық жазылған', '2026-06-24 18:13:12'),
(77, 'view', 68, NULL, '2026-06-24 18:16:59'),
(120, 'like', 46, NULL, '2026-06-24 18:18:19'),
(25, 'view', 40, NULL, '2026-06-24 18:19:51'),
(50, 'like', 21, NULL, '2026-06-24 18:33:53'),
(76, 'comment', 49, 'Тамаша пост!!! 😍😍😍', '2026-06-24 18:36:21'),
(28, 'comment', 35, 'Рахмет, пайдалы ақпарат)))', '2026-06-24 18:47:11'),
(46, 'like', 21, NULL, '2026-06-24 18:58:17'),
(21, 'view', 54, NULL, '2026-06-24 19:05:14'),
(51, 'like', 39, NULL, '2026-06-24 19:10:00'),
(56, 'share', 79, NULL, '2026-06-24 19:10:41'),
(12, 'comment', 22, 'Рахмет, пайдалы ақпарат)))', '2026-06-24 19:13:03'),
(69, 'view', 15, NULL, '2026-06-24 19:31:34'),
(31, 'comment', 71, 'wow...керемет екен', '2026-06-24 19:31:58'),
(50, 'view', 54, NULL, '2026-06-24 19:40:02'),
(9, 'comment', 10, 'Тамаша пост!!! 😍😍😍', '2026-06-24 20:22:51'),
(29, 'view', 23, NULL, '2026-06-24 20:26:32'),
(43, 'like', 1, NULL, '2026-06-24 20:29:00'),
(31, 'like', 57, NULL, '2026-06-24 20:31:13'),
(55, 'like', 44, NULL, '2026-06-24 20:34:37'),
(115, 'view', 60, NULL, '2026-06-24 20:55:58'),
(16, 'comment', 5, 'осы дұрыс емес сияқты', '2026-06-24 21:38:19'),
(16, 'comment', 67, 'wow...керемет екен', '2026-06-24 22:26:58'),
(23, 'comment', 36, 'Тамаша пост!!! 😍😍😍', '2026-06-24 23:28:43'),
(79, 'comment', 7, 'осы дұрыс емес сияқты', '2026-06-24 23:29:42'),
(36, 'comment', 53, 'Қызық жазылған', '2026-06-25 01:05:13'),
(104, 'comment', 59, 'Рахмет, пайдалы ақпарат)))', '2026-06-25 01:30:38'),
(101, 'comment', 40, 'Тамаша пост!!! 😍😍😍', '2026-06-25 02:36:53'),
(105, 'like', 29, NULL, '2026-06-25 05:12:33'),
(34, 'like', 56, NULL, '2026-06-25 05:43:33'),
(23, 'view', 46, NULL, '2026-06-25 06:08:33'),
(28, 'comment', 26, 'осы дұрыс емес сияқты', '2026-06-25 06:33:13'),
(49, 'share', 63, NULL, '2026-06-25 07:30:57'),
(17, 'like', 56, NULL, '2026-06-25 07:35:48'),
(54, 'comment', 65, 'wow...керемет екен', '2026-06-25 07:49:40'),
(54, 'like', 24, NULL, '2026-06-25 08:11:35'),
(63, 'like', 69, NULL, '2026-06-25 09:43:57'),
(26, 'comment', 2, 'Рахмет, пайдалы ақпарат)))', '2026-06-25 10:11:05'),
(5, 'view', 3, NULL, '2026-06-25 10:40:07'),
(52, 'share', 64, NULL, '2026-06-25 11:55:22'),
(54, 'share', 72, NULL, '2026-06-25 11:58:40'),
(60, 'view', 52, NULL, '2026-06-25 12:38:30'),
(22, 'view', 24, NULL, '2026-06-25 14:34:40'),
(99, 'view', 31, NULL, '2026-06-25 15:32:23'),
(20, 'like', 44, NULL, '2026-06-25 15:33:56'),
(46, 'comment', 25, 'wow...керемет екен', '2026-06-25 15:49:45'),
(44, 'like', 25, NULL, '2026-06-25 16:15:55'),
(20, 'view', 35, NULL, '2026-06-25 16:36:27'),
(112, 'comment', 40, 'осы дұрыс емес сияқты', '2026-06-25 16:57:52'),
(43, 'like', 1, NULL, '2026-06-25 17:16:11'),
(8, 'like', 29, NULL, '2026-06-25 17:22:48'),
(40, 'share', 43, NULL, '2026-06-25 17:36:30'),
(52, 'like', 32, NULL, '2026-06-25 17:45:04'),
(31, 'share', 11, NULL, '2026-06-25 18:05:40'),
(64, 'view', 29, NULL, '2026-06-25 18:06:55'),
(54, 'comment', 24, 'Рахмет, пайдалы ақпарат)))', '2026-06-25 18:13:46'),
(107, 'like', 21, NULL, '2026-06-25 18:29:59'),
(9, 'like', 36, NULL, '2026-06-25 18:37:50'),
(34, 'like', 38, NULL, '2026-06-25 19:19:20'),
(30, 'like', 20, NULL, '2026-06-25 19:41:18'),
(16, 'share', 5, NULL, '2026-06-25 20:04:30'),
(72, 'like', 38, NULL, '2026-06-25 20:52:14'),
(54, 'view', 24, NULL, '2026-06-25 21:00:30'),
(67, 'comment', 38, 'Қызық жазылған', '2026-06-25 21:01:27'),
(49, 'view', 25, NULL, '2026-06-25 21:18:26'),
(22, 'comment', 61, 'Тамаша пост!!! 😍😍😍', '2026-06-25 21:34:48'),
(11, 'view', 29, NULL, '2026-06-25 21:37:08'),
(66, 'share', 27, NULL, '2026-06-25 21:51:17'),
(89, 'share', 65, NULL, '2026-06-25 21:53:06'),
(51, 'like', 30, NULL, '2026-06-25 22:03:15'),
(91, 'like', 16, NULL, '2026-06-25 22:21:16');
